broker_name,crd,pfof_total_usd,CITADEL SECURITIES LLC,Jane Street Capital,Dash/IMC Financial Markets,"Virtu Americas, LLC",Global Execution Brokers LP,Hudson River Trading (HRT),"Wolverine Execution Services, LLC","G1 Execution Services, LLC","Global Execution Brokers, LP",CITADEL SECURITIES LLC
Charles Schwab,5393,208179131.09,0.0,11.7,23.3,17.1,11.0,18.2,25.6,5.6,0.0,0.0
"Robinhood Securities, LLC",287900,174393887.26,0.0,14.4,27.5,36.6,0.0,7.9,9.2,11.2,9.2,0.0
Robinhood Financial LLC,165998,139515109.78,0.0,14.4,27.5,36.3,0.0,8.0,9.2,11.3,9.1,0.0
Morgan Stanley Smith Barney LLC,149777,57278195.27,0.0,9.1,35.7,9.5,11.6,17.7,22.0,11.6,0.0,0.0
Webull Financial LLC,289063,41549424.11,0.0,22.1,28.0,17.3,15.6,9.0,9.3,0.0,0.0,0.0
FIDELITY BROKERAGE SERVICES LLC,7784,25547701.0,19.9,0.0,0.0,0.0,0.0,0.0,0.0,0.0,0.0,19.9
FUTU CLEARING INC.,298769,13256992.73,0.0,25.2,11.5,14.6,0.0,0.0,18.9,0.0,20.0,0.0
APEX Clearing,13071,10347283.97,0.0,19.0,18.2,33.9,8.5,6.3,13.6,0.0,0.0,0.0
APEX Clearing,7320,10347283.97,0.0,19.0,18.2,33.9,8.5,6.3,13.6,0.0,0.0,0.0
Tradestation Securities,39473,8201015.42,0.0,14.4,17.7,7.9,19.5,20.3,12.2,21.7,0.0,0.0
Tastytrade Inc,277027,7689574.65,0.0,17.8,32.9,8.9,0.0,27.4,0.0,15.2,8.3,0.0
TradeUP Securities Inc,18483,6751437.34,0.0,16.3,30.3,0.0,0.0,0.4,7.7,0.0,0.0,0.0
Alpaca Securities LLC,288202,6334379.32,0.0,0.0,0.0,22.1,0.0,0.0,0.0,0.0,0.0,0.0
FIRSTRADE SECURITIES INC.,16843,2342706.72,0.0,0.0,14.5,34.1,0.0,0.0,38.0,0.0,0.0,0.0
"Atomic Vaults Securities, LLC",317194,2196462.62,0.0,0.0,0.0,0.0,0.0,0.0,0.0,0.0,0.0,0.0
"Spiderrock EXS, LLC",148743,2014096.24,0.0,0.0,0.0,0.0,0.0,0.0,0.0,0.0,0.0,0.0
SOFI,151717,1131175.56,0.0,14.9,0.0,25.1,18.7,18.5,7.7,7.3,0.0,0.0
GTN Americas,315499,1064293.71,0.0,0.0,0.0,0.0,0.0,0.0,32.8,0.0,0.0,0.0
Ally Invest Securities LLC,136131,1007259.88,0.0,0.0,21.4,28.8,17.9,0.0,34.7,23.1,0.0,0.0
TradeZero,282940,554463.26,0.0,0.0,67.5,33.0,0.0,0.0,0.0,0.0,0.0,0.0
Lime Trading Corp,11826,515754.92,0.0,0.0,39.8,17.9,0.0,0.0,39.5,0.0,0.0,0.0
"Stifel, Nicolaus & Co., Inc.",793,465565.16,0.0,11.2,0.0,31.1,0.0,0.0,0.0,0.0,0.0,0.0
"Oppenheimer & Co., Inc.",249,461211.9,0.0,0.0,0.0,38.5,0.0,5.5,14.6,0.0,19.7,0.0
"Muriel Siebert & Co., Inc",5376,392008.38,0.0,12.4,0.0,19.3,0.0,0.0,49.1,0.0,0.0,0.0
T3 Trading Group LLC,154431,321134.72,0.0,0.0,0.0,0.0,0.0,0.0,0.0,0.0,0.0,0.0
PERSHING LLC,7560,252298.84,27.4,0.0,0.0,0.0,0.0,0.0,0.0,0.0,0.0,27.4
TZCL,8089,251818.71,0.0,0.0,0.0,66.0,0.0,0.0,0.0,0.0,0.0,0.0
ALTU,299274,220636.74,0.0,0.0,0.0,28.4,0.0,15.0,0.0,0.0,0.0,0.0
AXOS,10083,164499.8,0.0,0.0,0.0,49.0,0.0,0.0,0.0,0.0,0.0,0.0
AXOS,104065,164499.8,0.0,0.0,0.0,49.0,0.0,0.0,0.0,0.0,0.0,0.0
Regal Securities,7297,75023.2,0.0,0.0,0.0,0.0,49.6,0.0,0.0,0.0,0.0,0.0
SOGO,17912,69534.83,0.0,0.0,0.0,0.0,25.0,0.0,29.7,0.0,0.0,0.0
Maxim Group LLC,120708,63661.57,0.0,0.0,0.0,0.0,0.0,0.0,0.0,0.0,0.0,0.0
CSTI,134,48146.72,0.0,0.0,0.0,0.0,0.0,0.0,0.0,0.0,0.0,0.0
Hilltop Securities,6220,42616.93,0.0,0.0,0.0,23.1,36.8,0.0,0.0,9.8,0.0,0.0
"Velox Clearing, LLC",290215,39035.6,0.0,2.9,99.9,0.0,0.0,3.4,0.0,0.0,0.0,0.0
Bulltick LLC,104005,38096.0,0.0,0.0,0.0,0.0,0.0,0.0,0.0,0.0,0.0,0.0
QNTX,126588,37519.89,100.0,0.0,0.0,0.0,0.0,0.0,0.0,0.0,0.0,100.0
OPAL,8246,36199.88,0.0,0.0,88.1,0.0,0.0,4.2,0.0,0.0,0.0,0.0
SAFRA SECURITIES LLC,47873,26507.88,89.4,0.0,0.0,0.0,0.0,0.0,0.0,0.0,0.0,89.4
ChoiceTrade,104021,25567.45,0.0,0.0,0.0,0.0,0.0,0.0,0.0,0.0,0.0,0.0
TRIAD SECURITIES CORP.  S&P 500 Stocks 1Q 2026,11363,22264.28,0.0,0.0,0.0,0.0,0.0,0.0,0.0,0.0,0.0,0.0
MLCO.GWIM_NEW,7691,19072.29,0.0,1.5,3.6,2.0,0.0,0.0,0.0,1.0,5.2,0.0
"Wedbush Securities, Inc.",877,17291.0,0.0,0.0,0.0,10.0,0.0,0.0,46.9,0.0,0.0,0.0
Prism Financial Products LP,306255,10286.83,0.0,0.0,0.0,0.0,0.0,0.0,0.0,0.0,0.0,0.0
ViewTrade,46987,10235.15,65.3,0.0,0.0,0.0,0.0,0.0,0.0,0.0,0.0,65.3
ETCB,145276,10050.69,25.1,0.0,0.0,0.0,0.0,0.0,0.0,0.0,0.0,25.1
"R.F. Lafferty & Co., Inc.",2498,8989.0,0.0,0.0,0.0,0.0,0.0,0.0,0.0,0.0,0.0,0.0
Evercore ISI,42405,4470.11,0.0,0.0,0.0,0.0,0.0,0.0,0.0,0.0,0.0,0.0
Celadon Financial Group,36538,4068.85,0.0,0.0,0.0,0.0,0.0,0.0,0.0,0.0,0.0,0.0
