broker_name,crd,month,pfof_equity_usd,pfof_options_usd,pfof_total_usd,mom_change_pct
LGNT,117176,1,58236.0,9796.89,68032.89,
LGNT,117176,2,35480.2,8651.78,44131.98,-35.1
LGNT,117176,3,44825.67,7509.26,52334.93,18.6
WALL STREET ACCESS,10012,1,779.15,-211.32,567.83,
WALL STREET ACCESS,10012,2,669.11,-14.16,654.95,15.3
WALL STREET ACCESS,10012,3,569.9,-493.77,76.13,-88.4
Lime Trading Corp,11826,1,154195.0,4420.61,158615.61,
Lime Trading Corp,11826,2,163486.0,6867.92,170353.92,7.4
Lime Trading Corp,11826,3,176218.38,10567.01,186785.39,9.6
"Cabrera Capital Markets, Inc.",10081,1,0,0,0,
"Cabrera Capital Markets, Inc.",10081,2,0,0,0,
"Cabrera Capital Markets, Inc.",10081,3,0,0,0,
PLANMEMBER SECURITIES CORP,11869,1,0.0,0.0,0.0,
PLANMEMBER SECURITIES CORP,11869,2,0.0,0.0,0.0,
PLANMEMBER SECURITIES CORP,11869,3,0.0,0.0,0.0,
AXOS,10083,1,58236.0,9796.89,68032.89,
AXOS,10083,2,35480.2,8651.78,44131.98,-35.1
AXOS,10083,3,44825.67,7509.26,52334.93,18.6
Themis Trading LLC,120116,1,0,0,0,
Themis Trading LLC,120116,2,0,0,0,
Themis Trading LLC,120116,3,0,0,0,
MIDWESTERN SECURITIES TRADING,101080,1,0.0,0,0.0,
MIDWESTERN SECURITIES TRADING,101080,2,0.0,0,0.0,
MIDWESTERN SECURITIES TRADING,101080,3,0.0,0,0.0,
Maxim Group LLC,120708,1,9475.76,18163.9,27639.66,
Maxim Group LLC,120708,2,5683.8,2294.8,7978.6,-71.1
Maxim Group LLC,120708,3,4800.21,23243.1,28043.31,251.5
Cannacord Genuity Inc.,1020,1,0.0,-582.2,-582.2,
Cannacord Genuity Inc.,1020,2,-3.62,-776.39,-780.01,
Cannacord Genuity Inc.,1020,3,-12.33,-670.91,-683.24,
COAK,125334,1,0,0,0,
COAK,125334,2,0,0,0,
COAK,125334,3,0,0,0,
"York Stockbrokers, Inc.",102740,1,-10.0,0,-10.0,
"York Stockbrokers, Inc.",102740,2,-19.0,0,-19.0,
"York Stockbrokers, Inc.",102740,3,-20.0,0,-20.0,
Wolverine Execution Services,120719,1,0.0,-2845696.28,-2845696.28,
Wolverine Execution Services,120719,2,0.0,-2792103.3,-2792103.3,
Wolverine Execution Services,120719,3,0.0,-3024587.23,-3024587.23,
Cetera Advisors LLC,10299,1,0.0,0.0,0.0,
Cetera Advisors LLC,10299,2,0.0,0.0,0.0,
Cetera Advisors LLC,10299,3,0.0,0.0,0.0,
GENW,120894,1,0.0,0.0,0.0,
GENW,120894,2,0.0,0.0,0.0,
GENW,120894,3,0.0,0.0,0.0,
Cetera Financial Specialists LLC,10358,1,0.0,0.0,0.0,
Cetera Financial Specialists LLC,10358,2,0.0,0.0,0.0,
Cetera Financial Specialists LLC,10358,3,0.0,0.0,0.0,
Craig-Hallum Capital Group LLC,121395,1,0,0,0,
Craig-Hallum Capital Group LLC,121395,2,0,0,0,
Craig-Hallum Capital Group LLC,121395,3,0.0,0,0.0,
"RBC SECURITIES, INC.",103705,1,0.0,0.0,0.0,
"RBC SECURITIES, INC.",103705,2,0.0,0.0,0.0,
"RBC SECURITIES, INC.",103705,3,0.0,0.0,0.0,
IDB CAPITAL CORP,106032,1,0.0,0.0,0.0,
IDB CAPITAL CORP,106032,2,0.0,0.0,0.0,
IDB CAPITAL CORP,106032,3,0.0,0.0,0.0,
"Gagnon Securities, LLC",103727,1,0,0.0,0.0,
"Gagnon Securities, LLC",103727,2,0,0.0,0.0,
"Gagnon Securities, LLC",103727,3,0,0,0,
"Tradier Brokerage, Inc.",104982,1,1260039.1,422841.61,1682880.71,
"Tradier Brokerage, Inc.",104982,2,1413565.5,410199.89,1823765.39,8.4
"Tradier Brokerage, Inc.",104982,3,1493283.7,429289.84,1922573.54,5.4
NewEdge Capital Group,10674,1,0.0,0.0,0.0,
NewEdge Capital Group,10674,2,0.0,0.0,0.0,
NewEdge Capital Group,10674,3,0.0,0.0,0.0,
USCA SECURITIES LLC,103789,1,0.0,0.0,0.0,
USCA SECURITIES LLC,103789,2,0.0,0.0,0.0,
USCA SECURITIES LLC,103789,3,0.0,0.0,0.0,
"SpeedTrader, Inc.",107403,1,0,0,0,
"SpeedTrader, Inc.",107403,2,0,0,0,
"SpeedTrader, Inc.",107403,3,0,0,0,
Natixis Securities Americas LLC,1101,1,0,0,0,
Natixis Securities Americas LLC,1101,2,0,0,0,
Natixis Securities Americas LLC,1101,3,0,0,0,
AXOS,103792,1,58236.0,9796.89,68032.89,
AXOS,103792,2,35480.2,8651.78,44131.98,-35.1
AXOS,103792,3,44825.67,7509.26,52334.93,18.6
MWA FINANCIAL SERVICES INC,112630,1,0.0,0.0,0.0,
MWA FINANCIAL SERVICES INC,112630,2,0.0,0.0,0.0,
MWA FINANCIAL SERVICES INC,112630,3,0.0,0.0,0.0,
"BTIG, LLC",122225,1,0,-5624.19,-5624.19,
"BTIG, LLC",122225,2,0,-4110.65,-4110.65,
"BTIG, LLC",122225,3,0,-1290.7,-1290.7,
Bulltick LLC,104005,1,5553.73,0.0,5553.73,
Bulltick LLC,104005,2,16456.47,0.0,16456.47,196.3
Bulltick LLC,104005,3,16085.8,0.0,16085.8,-2.3
Glendal Securities,123649,1,-38690.77,0,-38690.77,
Glendal Securities,123649,2,-24086.71,0,-24086.71,
Glendal Securities,123649,3,-15267.92,0,-15267.92,
ChoiceTrade,104021,1,523.15,8581.25,9104.4,
ChoiceTrade,104021,2,2723.79,5092.2,7815.99,-14.2
ChoiceTrade,104021,3,4306.89,4340.17,8647.06,10.6
"Glen Eagle Wealth, LLC",124504,1,0.0,0.0,0.0,
"Glen Eagle Wealth, LLC",124504,2,0.0,0.0,0.0,
"Glen Eagle Wealth, LLC",124504,3,0.0,0.0,0.0,
DASH Financial Technologies LLC,104031,1,166.29,-11249.92,-11083.63,
DASH Financial Technologies LLC,104031,2,103.66,-18638.25,-18534.6,
DASH Financial Technologies LLC,104031,3,196.92,-76467.65,-76270.73,
William Blair Sell Side,1252,1,0.0,0.0,0.0,
William Blair Sell Side,1252,2,0.0,0.0,0.0,
William Blair Sell Side,1252,3,0.0,0.0,0.0,
AXOS,104065,1,58236.0,9796.89,68032.89,
AXOS,104065,2,35480.2,8651.78,44131.98,-35.1
AXOS,104065,3,44825.67,7509.26,52334.93,18.6
"Wedbush Securities, Inc.",125393,1,0.0,7518.5,7518.5,
"Wedbush Securities, Inc.",125393,2,0.0,5280.75,5280.75,-29.8
"Wedbush Securities, Inc.",125393,3,0.0,4491.75,4491.75,-14.9
"MML INVESTORS SERVICES, LLC",10409,1,0.0,0.0,0.0,
"MML INVESTORS SERVICES, LLC",10409,2,0.0,0.0,0.0,
"MML INVESTORS SERVICES, LLC",10409,3,0.0,0.0,0.0,
TRIAD SECURITIES CORP.  S&P 500 Stocks 1Q 2026,11363,1,6352.47,0.0,6352.47,
TRIAD SECURITIES CORP.  S&P 500 Stocks 1Q 2026,11363,2,10085.98,0.0,10085.98,58.8
TRIAD SECURITIES CORP.  S&P 500 Stocks 1Q 2026,11363,3,5825.83,0.0,5825.83,-42.2
M. S. Howells & Co.,104100,1,0,0.0,0.0,
M. S. Howells & Co.,104100,2,0,0.0,0.0,
M. S. Howells & Co.,104100,3,0,0.0,0.0,
"X-Change Financial Access, LLC",126201,1,0,-0.1,-0.1,
"X-Change Financial Access, LLC",126201,2,0,-1272.83,-1272.83,
"X-Change Financial Access, LLC",126201,3,0,0.0,0.0,
"White Mountain Capital, LLC",104123,1,0.0,0.0,0.0,
"White Mountain Capital, LLC",104123,2,0.0,0.0,0.0,
"White Mountain Capital, LLC",104123,3,0.0,0.0,0.0,
TIGE,120583,1,0,0,0,
TIGE,120583,2,0,0,0,
TIGE,120583,3,0,0,0,
"Korea Investment & Securities America, Inc.",104158,1,0,0,0,
"Korea Investment & Securities America, Inc.",104158,2,0,0,0,
"Korea Investment & Securities America, Inc.",104158,3,0,0,0,
Compass Point Research Trading LLC,126258,1,0,0,0,
Compass Point Research Trading LLC,126258,2,0,0,0,
Compass Point Research Trading LLC,126258,3,0,0,0,
Allen Company LLC,1042,1,0,0,0,
Allen Company LLC,1042,2,0,0,0,
Allen Company LLC,1042,3,0,0,0,
GPC,114203,1,0,-215.95,-215.95,
GPC,114203,2,0,-278.43,-278.43,
GPC,114203,3,0,-355.62,-355.62,
Lightspeed Financial Services Group LLC,104369,1,761.08,-42274.92,-41513.84,
Lightspeed Financial Services Group LLC,104369,2,668.38,-44145.44,-43477.06,
Lightspeed Financial Services Group LLC,104369,3,1298.65,-52912.43,-51613.78,
Wells Fargo Securities LLC [WCHV],126292,1,-4310.64,-3945.84,-8256.48,
Wells Fargo Securities LLC [WCHV],126292,2,-3306.83,-2560.75,-5867.58,
Wells Fargo Securities LLC [WCHV],126292,3,-3615.36,-2737.47,-6352.83,
PGM Global Inc.,104387,1,0,0,0,
PGM Global Inc.,104387,2,0,0,0,
PGM Global Inc.,104387,3,0,0,0,
QNTX,126588,1,0,8742.57,8742.57,
QNTX,126588,2,0,15622.05,15622.05,78.7
QNTX,126588,3,0,13155.27,13155.27,-15.8
DINO,104446,1,0.0,0.0,0.0,
DINO,104446,2,0.0,0.0,0.0,
DINO,104446,3,0.0,0.0,0.0,
VSI SECURITIES INC,114419,1,0.0,0,0.0,
VSI SECURITIES INC,114419,2,0.0,0,0.0,
VSI SECURITIES INC,114419,3,0.0,0,0.0,
AXOS,104651,1,58236.0,9796.89,68032.89,
AXOS,104651,2,35480.2,8651.78,44131.98,-35.1
AXOS,104651,3,44825.67,7509.26,52334.93,18.6
TradeMas Inc,130030,1,0,0,0,
TradeMas Inc,130030,2,0,0,0,
TradeMas Inc,130030,3,0,0,0,
CALD,10489,1,0.0,0,0.0,
CALD,10489,2,0.0,0,0.0,
CALD,10489,3,0.0,0,0.0,
"PARKLAND SECURITIES, LLC",115368,1,0.0,0.0,0.0,
"PARKLAND SECURITIES, LLC",115368,2,0.0,0.0,0.0,
"PARKLAND SECURITIES, LLC",115368,3,0.0,0.0,0.0,
"Open to the Public Investing, Inc.",127818,1,-180530.22,-291415.46,-471945.68,
"Open to the Public Investing, Inc.",127818,2,-217504.31,-262124.72,-479629.03,
"Open to the Public Investing, Inc.",127818,3,-283706.47,-274034.57,-557741.04,
SAXONY SECURITIES INC,115547,1,0.0,0.0,0.0,
SAXONY SECURITIES INC,115547,2,0.0,0.0,0.0,
SAXONY SECURITIES INC,115547,3,0.0,0.0,0.0,
"SG Americas Securities, LLC",128351,1,0,-57657.11,-57657.11,
"SG Americas Securities, LLC",128351,2,0,-75190.05,-75190.05,
"SG Americas Securities, LLC",128351,3,0,-86679.25,-86679.25,
Seaport Global Securities LLC,116270,1,0.0,0.0,0.0,
Seaport Global Securities LLC,116270,2,0,0.0,0.0,
Seaport Global Securities LLC,116270,3,0,-89.38,-89.38,
"BROWN LISLE CUMMINGS, INC.",1331,1,0.0,0.0,0.0,
"BROWN LISLE CUMMINGS, INC.",1331,2,0.0,0.0,0.0,
"BROWN LISLE CUMMINGS, INC.",1331,3,0.0,0.0,0.0,
CHCK,128711,1,0.0,0,0.0,
CHCK,128711,2,0.0,0,0.0,
CHCK,128711,3,0.0,0,0.0,
PNC WEALTH MANAGEMENT LLC,129052,1,0.0,0.0,0.0,
PNC WEALTH MANAGEMENT LLC,129052,2,0.0,0.0,0.0,
PNC WEALTH MANAGEMENT LLC,129052,3,0.0,0.0,0.0,
"AMERITAS INVESTMENT COMPANY,LLC",14869,1,0.0,0.0,0.0,
"AMERITAS INVESTMENT COMPANY,LLC",14869,2,0.0,0.0,0.0,
"AMERITAS INVESTMENT COMPANY,LLC",14869,3,0.0,0.0,0.0,
NATIONAL FINANCIAL SERVICES LLC,13041,1,-2981.0,0.0,-2981.0,
NATIONAL FINANCIAL SERVICES LLC,13041,2,-241.0,0.0,-241.0,
NATIONAL FINANCIAL SERVICES LLC,13041,3,-7120.0,0.0,-7120.0,
"Spiderrock EXS, LLC",148743,1,0.0,675580.74,675580.74,
"Spiderrock EXS, LLC",148743,2,0.0,652866.73,652866.73,-3.4
"Spiderrock EXS, LLC",148743,3,0.0,685648.77,685648.77,5.0
Dawson James,130645,1,0.0,0,0.0,
Dawson James,130645,2,0.0,0,0.0,
Dawson James,130645,3,0.0,0,0.0,
Wellington Shields,149021,1,-6.05,-39.25,-45.3,
Wellington Shields,149021,2,-1.13,-30.0,-31.13,
Wellington Shields,149021,3,4.08,-42.5,-38.42,
APEX Clearing,13071,1,2540068.79,1367559.64,3907628.43,
APEX Clearing,13071,2,2375219.87,1214836.69,3590056.56,-8.1
APEX Clearing,13071,3,1561273.54,1288325.44,2849598.98,-20.6
Strategas Research Partners LLC,149326,1,0,0,0,
Strategas Research Partners LLC,149326,2,0,0,0,
Strategas Research Partners LLC,149326,3,0,0,0,
MUTUAL SECURITIES INC,13092,1,0.0,0.0,0.0,
MUTUAL SECURITIES INC,13092,2,0.0,0.0,0.0,
MUTUAL SECURITIES INC,13092,3,0.0,0.0,0.0,
"EMPOWER FINANCIAL SERVICES, INC.",13109,1,0.0,0.0,0.0,
"EMPOWER FINANCIAL SERVICES, INC.",13109,2,0.0,0.0,0.0,
"EMPOWER FINANCIAL SERVICES, INC.",13109,3,0.0,0.0,0.0,
"BTG Pactual US Capital, LLC",149486,1,0.0,0.0,0.0,
"BTG Pactual US Capital, LLC",149486,2,0.0,0.0,0.0,
"BTG Pactual US Capital, LLC",149486,3,0.0,0.0,0.0,
Cobra Trading,132078,1,-8859.66,-6154.93,-15014.59,
Cobra Trading,132078,2,-5227.1,-4727.4,-9954.5,
Cobra Trading,132078,3,-8332.87,-4884.58,-13217.45,
Morgan Stanley Smith Barney LLC,149777,1,11265356.56,9535856.41,20801212.97,
Morgan Stanley Smith Barney LLC,149777,2,8655210.23,9021873.07,17677083.3,-15.0
Morgan Stanley Smith Barney LLC,149777,3,9154158.46,9645740.54,18799899.0,6.4
GRIFFINEST ASIA SECURITIES LLC,132187,1,0.0,0.0,0.0,
GRIFFINEST ASIA SECURITIES LLC,132187,2,0.0,0.0,0.0,
GRIFFINEST ASIA SECURITIES LLC,132187,3,0.0,0.0,0.0,
SNOWDEN ACCOUNT SERVICES LLC,149794,1,0.0,0.0,0.0,
SNOWDEN ACCOUNT SERVICES LLC,149794,2,0.0,0.0,0.0,
SNOWDEN ACCOUNT SERVICES LLC,149794,3,0.0,0.0,0.0,
CSTI,134,1,14682.08,0,14682.08,
CSTI,134,2,16358.0,0,16358.0,11.4
CSTI,134,3,17106.64,0,17106.64,4.6
Virtu Americas LLC,149823,1,0.0,0,0.0,
Virtu Americas LLC,149823,2,0.0,0,0.0,
Virtu Americas LLC,149823,3,0.0,0,0.0,
RQD* Clearing LLC,134284,1,686041.53,267.8,686309.33,
RQD* Clearing LLC,134284,2,440624.5,1073.98,441698.48,-35.6
RQD* Clearing LLC,134284,3,800747.78,5038.43,805786.21,82.4
Aegis Capital Corp - AGIS,15007,1,-7835.87,-1873.8,-9709.67,
Aegis Capital Corp - AGIS,15007,2,-6341.1,-1106.7,-7447.8,
Aegis Capital Corp - AGIS,15007,3,-6438.25,-1761.9,-8200.15,
PAR5 CAPITAL & CO. LLC,134657,1,0.0,0.0,0.0,
PAR5 CAPITAL & CO. LLC,134657,2,0.0,0.0,0.0,
PAR5 CAPITAL & CO. LLC,134657,3,0.0,0,0.0,
Santander US Capital Markets LLC,150696,1,0,0,0,
Santander US Capital Markets LLC,150696,2,0,0,0,
Santander US Capital Markets LLC,150696,3,0,0,0,
"Cetera Wealth Services, LLC",13572,1,0.0,0.0,0.0,
"Cetera Wealth Services, LLC",13572,2,0.0,0.0,0.0,
"Cetera Wealth Services, LLC",13572,3,0.0,0.0,0.0,
ETCB,145276,1,3857.83,0,3857.83,
ETCB,145276,2,2740.1,0,2740.1,-29.0
ETCB,145276,3,3452.76,0,3452.76,26.0
BERTHEL FISHER & COMPANY,13609,1,0.0,0.0,0.0,
BERTHEL FISHER & COMPANY,13609,2,0.0,0.0,0.0,
BERTHEL FISHER & COMPANY,13609,3,0.0,0.0,0.0,
Penserra Securities LLC,145994,1,0,0,0,
Penserra Securities LLC,145994,2,0,0,0,
Penserra Securities LLC,145994,3,0,0,0,
Ally Invest Securities LLC,136131,1,209397.34,154130.5,363527.84,
Ally Invest Securities LLC,136131,2,193025.34,121207.5,314232.84,-13.6
Ally Invest Securities LLC,136131,3,187688.7,141810.5,329499.2,4.9
Watermill Institutional Trading Llc,150892,1,0,0.0,0.0,
Watermill Institutional Trading Llc,150892,2,0,0.0,0.0,
Watermill Institutional Trading Llc,150892,3,0,0.0,0.0,
KEY INVESTMENT SERVICES LLC,136300,1,0.0,0,0.0,
KEY INVESTMENT SERVICES LLC,136300,2,0.0,0,0.0,
KEY INVESTMENT SERVICES LLC,136300,3,0.0,0,0.0,
PUMA Capital,146744,1,0,0.0,0.0,
PUMA Capital,146744,2,0,0.0,0.0,
PUMA Capital,146744,3,0,0.0,0.0,
"SageTrader, LLC",137862,1,0,1.05,1.05,
"SageTrader, LLC",137862,2,0,0.8,0.8,-23.8
"SageTrader, LLC",137862,3,0,0.0,0.0,-100.0
BENJAMIN F EDWARDS & COMPANY INC,146936,1,0.0,0.0,0.0,
BENJAMIN F EDWARDS & COMPANY INC,146936,2,0.0,0.0,0.0,
BENJAMIN F EDWARDS & COMPANY INC,146936,3,0.0,0.0,0.0,
GARW,138033,1,-0.4,0,-0.4,
GARW,138033,2,0,0,0,
GARW,138033,3,-0.6,0,-0.6,
WallachBeth Capital 606,147853,1,0,-6874.31,-6874.31,
WallachBeth Capital 606,147853,2,0,-13739.25,-13739.25,
WallachBeth Capital 606,147853,3,0,-10159.85,-10159.85,
SOFI,151717,1,212790.99,244374.91,457165.9,
SOFI,151717,2,150824.23,166952.07,317776.3,-30.5
SOFI,151717,3,165834.28,190399.08,356233.36,12.1
Kepler Capital Markets Inc,139148,1,0,0,0,
Kepler Capital Markets Inc,139148,2,0,0,0,
Kepler Capital Markets Inc,139148,3,0,0,0,
"North South Capital,LLC",148158,1,0.0,0.0,0.0,
"North South Capital,LLC",148158,2,0.0,0,0.0,
"North South Capital,LLC",148158,3,0.0,0,0.0,
MCAP LLC,139515,1,0.0,0,0.0,
MCAP LLC,139515,2,0.0,0,0.0,
MCAP LLC,139515,3,0.0,0,0.0,
"INTEGRITY ALLIANCE, LLC",139627,1,0.0,0.0,0.0,
"INTEGRITY ALLIANCE, LLC",139627,2,0.0,0.0,0.0,
"INTEGRITY ALLIANCE, LLC",139627,3,0.0,0.0,0.0,
Cetera Investment Services LLC,15340,1,0.0,0.0,0.0,
Cetera Investment Services LLC,15340,2,0.0,0.0,0.0,
Cetera Investment Services LLC,15340,3,0.0,0.0,0.0,
ABN Amro Clearing USA,14020,1,0,0.0,0.0,
ABN Amro Clearing USA,14020,2,0,0.0,0.0,
ABN Amro Clearing USA,14020,3,0,0.0,0.0,
WLTH,153407,1,0.0,0,0.0,
WLTH,153407,2,0.0,0,0.0,
WLTH,153407,3,0.0,0,0.0,
"SYNOVUS SECURITIES, INC.",14023,1,0.0,0.0,0.0,
"SYNOVUS SECURITIES, INC.",14023,2,0.0,0.0,0.0,
"SYNOVUS SECURITIES, INC.",14023,3,0.0,0.0,0.0,
"Roth Capital Partners, LLC",15407,1,0.0,-3655.9,-3655.9,
"Roth Capital Partners, LLC",15407,2,0.0,-5494.78,-5494.78,
"Roth Capital Partners, LLC",15407,3,0.0,-862.01,-862.01,
Elevation LLC,140341,1,0,0.0,0.0,
Elevation LLC,140341,2,0,0.0,0.0,
Elevation LLC,140341,3,0,0.0,0.0,
"MSEC, LLC",154327,1,0.0,0.0,0.0,
"MSEC, LLC",154327,2,0.0,0,0.0,
"MSEC, LLC",154327,3,0.0,0,0.0,
KART,14178,1,0.0,0,0.0,
KART,14178,2,0.0,0,0.0,
KART,14178,3,0,0,0,
T3 Trading Group LLC,154431,1,0,71828.71,71828.71,
T3 Trading Group LLC,154431,2,0,119283.0,119283.0,66.1
T3 Trading Group LLC,154431,3,0,130023.0,130023.0,9.0
Vision Financial Markets LLC,142271,1,-100105.76,-8768.05,-108873.81,
Vision Financial Markets LLC,142271,2,-83462.3,-9513.76,-92976.05,
Vision Financial Markets LLC,142271,3,-92293.05,-9851.25,-102144.3,
TIGRESS FINANCIAL PARTNERS LLC,154717,1,0.0,0.0,0.0,
TIGRESS FINANCIAL PARTNERS LLC,154717,2,0.0,0.0,0.0,
TIGRESS FINANCIAL PARTNERS LLC,154717,3,0.0,0.0,0.0,
"AVENTURA SECURITIES, LLC",142374,1,0.0,0.0,0.0,
"AVENTURA SECURITIES, LLC",142374,2,0.0,0.0,0.0,
"AVENTURA SECURITIES, LLC",142374,3,0.0,0.0,0.0,
LPSP,155246,1,0,0,0,
LPSP,155246,2,0,0,0,
LPSP,155246,3,0,0,0,
SIGMA FINANCIAL CORPORATION,14303,1,0.0,0.0,0.0,
SIGMA FINANCIAL CORPORATION,14303,2,0.0,0.0,0.0,
SIGMA FINANCIAL CORPORATION,14303,3,0.0,0.0,0.0,
ANDBANC BROKERAGE LLC,155979,1,0.0,0.0,0.0,
ANDBANC BROKERAGE LLC,155979,2,0.0,0.0,0.0,
ANDBANC BROKERAGE LLC,155979,3,0.0,0.0,0.0,
MEDIOBANCA SECURITIES USA LLC,143189,1,0,0,0,
MEDIOBANCA SECURITIES USA LLC,143189,2,0,0,0,
MEDIOBANCA SECURITIES USA LLC,143189,3,0,0,0,
Odeon Capital Group LLC,148493,1,0,0.0,0.0,
Odeon Capital Group LLC,148493,2,0,0.0,0.0,
Odeon Capital Group LLC,148493,3,0,0.0,0.0,
Cash App Investing,144076,1,-14.0,0,-14.0,
Cash App Investing,144076,2,-525.3,0,-525.3,
Cash App Investing,144076,3,-3245.69,0,-3245.69,
CGIS SECURITIES LLC,155984,1,0.0,0.0,0.0,
CGIS SECURITIES LLC,155984,2,0.0,0.0,0.0,
CGIS SECURITIES LLC,155984,3,0.0,0.0,0.0,
"U.S. BANCORP ADVISORS, LLC",14455,1,0.0,0.0,0.0,
"U.S. BANCORP ADVISORS, LLC",14455,2,0.0,0.0,0.0,
"U.S. BANCORP ADVISORS, LLC",14455,3,0.0,0.0,0.0,
XPUS,156691,1,-6467.18,0.0,-6467.18,
XPUS,156691,2,-4773.15,0.0,-4773.15,
XPUS,156691,3,-5949.57,0.0,-5949.57,
Berenberg Capital Markets LLC,156757,1,0,0,0,
Berenberg Capital Markets LLC,156757,2,0,0,0,
Berenberg Capital Markets LLC,156757,3,0,0,0,
Daiwa Capital Markets America Inc.,1576,1,0,0,0,
Daiwa Capital Markets America Inc.,1576,2,0,0,0,
Daiwa Capital Markets America Inc.,1576,3,0,0,0,
NOBL,15768,1,0,0,0,
NOBL,15768,2,0,0,0,
NOBL,15768,3,0,0,0,
BNP Paribas Securities Corp.,15794,1,0,0.0,0.0,
BNP Paribas Securities Corp.,15794,2,0,0.0,0.0,
BNP Paribas Securities Corp.,15794,3,0,0.0,0.0,
FENX,159481,1,0.0,0.0,0.0,
FENX,159481,2,527.47,72.72,600.19,
FENX,159481,3,0.0,0.0,0.0,-100.0
Marex Capital Markets Inc.  CCMB,161014,1,0,-546.24,-546.24,
Marex Capital Markets Inc.  CCMB,161014,2,0,-301.53,-301.53,
Marex Capital Markets Inc.  CCMB,161014,3,0,-12305.31,-12305.31,
TRANSAMERICA FINANCIAL ADVISORS,16164,1,0.0,0,0.0,
TRANSAMERICA FINANCIAL ADVISORS,16164,2,0.0,0,0.0,
TRANSAMERICA FINANCIAL ADVISORS,16164,3,0.0,0,0.0,
NEED,16360,1,0,0.0,0.0,
NEED,16360,2,0,0.0,0.0,
NEED,16360,3,0,0.0,0.0,
"TCFG WEALTH MANAGEMENT, LLC",164153,1,0.0,0.0,0.0,
"TCFG WEALTH MANAGEMENT, LLC",164153,2,0.0,0.0,0.0,
"TCFG WEALTH MANAGEMENT, LLC",164153,3,0.0,0.0,0.0,
TD PRIVATE CLIENT WEALTH LLC,164484,1,0.0,0,0.0,
TD PRIVATE CLIENT WEALTH LLC,164484,2,0.0,0,0.0,
TD PRIVATE CLIENT WEALTH LLC,164484,3,0.0,0,0.0,
DRWW,165429,1,0,0,0,
DRWW,165429,2,0,10.6,10.6,
DRWW,165429,3,0,10.4,10.4,-1.9
"CLSA AMERICAS, LLC.",165533,1,0,0,0,
"CLSA AMERICAS, LLC.",165533,2,0,0,0,
"CLSA AMERICAS, LLC.",165533,3,0,0,0,
Robinhood Financial LLC,165998,1,15404262.13,35137074.45,50541336.58,
Robinhood Financial LLC,165998,2,13389073.7,29826560.2,43215633.9,-14.5
Robinhood Financial LLC,165998,3,15010679.41,30747459.89,45758139.3,5.9
"DOFT & CO.,INC.",1660,1,0,0,0,
"DOFT & CO.,INC.",1660,2,0,0,0,
"DOFT & CO.,INC.",1660,3,0,0,0,
China Renaissance Securities US Inc,166318,1,0,0,0,
China Renaissance Securities US Inc,166318,2,0,0,0,
China Renaissance Securities US Inc,166318,3,0,0,0,
EPIC CAPITAL SECURITIES CORP,166756,1,0.0,0.0,0.0,
EPIC CAPITAL SECURITIES CORP,166756,2,0.0,0.0,0.0,
EPIC CAPITAL SECURITIES CORP,166756,3,0.0,0.0,0.0,
BMO Capital Markets Corp,16686,1,0,0.0,0.0,
BMO Capital Markets Corp,16686,2,0,0.0,0.0,
BMO Capital Markets Corp,16686,3,0,0.0,0.0,
Jane Street Execution Services,167280,1,0,-1494.45,-1494.45,
Jane Street Execution Services,167280,2,0,2714.4,2714.4,
Jane Street Execution Services,167280,3,0,-6719.36,-6719.36,-347.5
LIFESCI CAPITAL LLC,168404,1,0,0,0,
LIFESCI CAPITAL LLC,168404,2,0,0,0,
LIFESCI CAPITAL LLC,168404,3,0,0,0,
FIRSTRADE SECURITIES INC.,16843,1,328622.39,519698.73,848321.12,
FIRSTRADE SECURITIES INC.,16843,2,279256.7,430672.8,709929.5,-16.3
FIRSTRADE SECURITIES INC.,16843,3,336111.9,448344.2,784456.1,10.5
Clearpool Execution Services,168490,1,0,0,0,
Clearpool Execution Services,168490,2,0,0,0,
Clearpool Execution Services,168490,3,0,0,0,
HUNTINGTON FINANCIAL ADVISORS,16986,1,0.0,0.0,0.0,
HUNTINGTON FINANCIAL ADVISORS,16986,2,0.0,0.0,0.0,
HUNTINGTON FINANCIAL ADVISORS,16986,3,0.0,0.0,0.0,
"UMB FINANCIAL SERVICES, INC.",17073,1,0.0,0.0,0.0,
"UMB FINANCIAL SERVICES, INC.",17073,2,0.0,0.0,0.0,
"UMB FINANCIAL SERVICES, INC.",17073,3,0.0,0.0,0.0,
Axos Invest LLC,172393,1,174.73,49.6,224.33,
Axos Invest LLC,172393,2,99.15,18.5,117.65,-47.6
Axos Invest LLC,172393,3,130.24,13.6,143.84,22.3
Academy Securities,17433,1,0.0,0.0,0.0,
Academy Securities,17433,2,0.0,0.0,0.0,
Academy Securities,17433,3,0.0,0.0,0.0,
AMERICAN CENTURY INVESTMENT,17437,1,0.0,0.0,0.0,
AMERICAN CENTURY INVESTMENT,17437,2,0.0,0.0,0.0,
AMERICAN CENTURY INVESTMENT,17437,3,0.0,0.0,0.0,
"BNY Mellon Capital Markets, LLC (BKES)",17454,1,0.0,0,0.0,
"BNY Mellon Capital Markets, LLC (BKES)",17454,2,0.0,0,0.0,
"BNY Mellon Capital Markets, LLC (BKES)",17454,3,0.0,0,0.0,
FROST BROKERAGE SERVICES INC,17465,1,0.0,0.0,0.0,
FROST BROKERAGE SERVICES INC,17465,2,0.0,0.0,0.0,
FROST BROKERAGE SERVICES INC,17465,3,0.0,0.0,0.0,
G.A. REPPLE & COMPANY,17486,1,0.0,0,0.0,
G.A. REPPLE & COMPANY,17486,2,0.0,0.0,0.0,
G.A. REPPLE & COMPANY,17486,3,0.0,0,0.0,
"Truist Investment Services, Inc.",17499,1,0.0,0.0,0.0,
"Truist Investment Services, Inc.",17499,2,0.0,0.0,0.0,
"Truist Investment Services, Inc.",17499,3,0.0,0.0,0.0,
BOK Financial Securities Inc,17530,1,0.0,0.0,0.0,
BOK Financial Securities Inc,17530,2,0.0,0.0,0.0,
BOK Financial Securities Inc,17530,3,0.0,0.0,0.0,
U.S. Bancorp Investments,17868,1,0.0,0.0,0.0,
U.S. Bancorp Investments,17868,2,0.0,0.0,0.0,
U.S. Bancorp Investments,17868,3,0.0,0,0.0,
SOGO,17912,1,12905.38,10600.3,23505.68,
SOGO,17912,2,9941.29,9338.35,19279.64,-18.0
SOGO,17912,3,9495.08,17254.43,26749.51,38.7
THRIVENT INVESTMENT MANAGEMENT,18387,1,0.0,0.0,0.0,
THRIVENT INVESTMENT MANAGEMENT,18387,2,0.0,0.0,0.0,
THRIVENT INVESTMENT MANAGEMENT,18387,3,0.0,0.0,0.0,
TD Securities USA LLC,18476,1,0,0.0,0.0,
TD Securities USA LLC,18476,2,0,0.0,0.0,
TD Securities USA LLC,18476,3,0,0.0,0.0,
TradeUP Securities Inc,18483,1,1111994.38,832004.63,1943999.01,
TradeUP Securities Inc,18483,2,1430476.46,856088.85,2286565.31,17.6
TradeUP Securities Inc,18483,3,1665688.7,855184.32,2520873.02,10.2
Johnson Rice,19524,1,0.0,0,0.0,
Johnson Rice,19524,2,0.0,0,0.0,
Johnson Rice,19524,3,0.0,0,0.0,
HSBC Securities,19585,1,-57454.0,-957.84,-58411.84,
HSBC Securities,19585,2,-75587.92,-2666.36,-78254.28,
HSBC Securities,19585,3,-50910.73,-2049.85,-52960.58,
"Wells Fargo Clearing Services, LLC",19616,1,0.0,0.0,0.0,
"Wells Fargo Clearing Services, LLC",19616,2,0.0,0.0,0.0,
"Wells Fargo Clearing Services, LLC",19616,3,0.0,0.0,0.0,
Mizuho Securities USA,19647,1,0,-703.52,-703.52,
Mizuho Securities USA,19647,2,0,-1924.66,-1924.66,
Mizuho Securities USA,19647,3,0,-5703.34,-5703.34,
MUFG Securities Americas Inc,19685,1,0,0,0,
MUFG Securities Americas Inc,19685,2,0,0,0,
MUFG Securities Americas Inc,19685,3,0,0,0,
LEHM,19714,1,0,-720.77,-720.77,
LEHM,19714,2,0,2647.96,2647.96,
LEHM,19714,3,0,-1118.93,-1118.93,-142.3
BGCP,19801,1,0,0.0,0.0,
BGCP,19801,2,0,0.0,0.0,
BGCP,19801,3,0,0.0,0.0,
D.A. Davidson & Co.,199,1,0.0,0.0,0.0,
D.A. Davidson & Co.,199,2,0.0,0.0,0.0,
D.A. Davidson & Co.,199,3,0.0,0.0,0.0,
GFIS,19982,1,0,0.0,0.0,
GFIS,19982,2,0,0.0,0.0,
GFIS,19982,3,0,0.0,0.0,
Gilder Gagnon Howe & Co. LLC,2002,1,0,0,0,
Gilder Gagnon Howe & Co. LLC,2002,2,0,0,0,
Gilder Gagnon Howe & Co. LLC,2002,3,0,0,0,
TIAA-CREF INDIVIDUAL &,20472,1,0.0,0.0,0.0,
TIAA-CREF INDIVIDUAL &,20472,2,0.0,0.0,0.0,
TIAA-CREF INDIVIDUAL &,20472,3,0.0,0.0,0.0,
"SANCTUARY SECURITIES, INC.",205,1,0.0,0.0,0.0,
"SANCTUARY SECURITIES, INC.",205,2,0.0,0.0,0.0,
"SANCTUARY SECURITIES, INC.",205,3,0.0,0.0,0.0,
"WORLD INVESTMENTS, INC.",20626,1,0.0,0,0.0,
"WORLD INVESTMENTS, INC.",20626,2,0.0,0.0,0.0,
"WORLD INVESTMENTS, INC.",20626,3,0.0,0,0.0,
UNITED PLANNERS FNC'L SVCS AMER,20804,1,0.0,0.0,0.0,
UNITED PLANNERS FNC'L SVCS AMER,20804,2,0.0,0.0,0.0,
UNITED PLANNERS FNC'L SVCS AMER,20804,3,0.0,0.0,0.0,
ThinkEquity,20996,1,0,0,0,
ThinkEquity,20996,2,0,0,0,
ThinkEquity,20996,3,0,0,0,
MIDDLEGATE SECURITIES INC.,21544,1,0.0,0.0,0.0,
MIDDLEGATE SECURITIES INC.,21544,2,0.0,0.0,0.0,
MIDDLEGATE SECURITIES INC.,21544,3,0.0,0.0,0.0,
Citizens JMP Securities,22208,1,0,0.0,0.0,
Citizens JMP Securities,22208,3,0,0.0,0.0,
"OSAIC WEALTH, INC.",23131,1,0.0,0.0,0.0,
"OSAIC WEALTH, INC.",23131,2,0.0,0.0,0.0,
"OSAIC WEALTH, INC.",23131,3,0.0,0.0,0.0,
Jefferies Group LLC,2347,1,0.0,0.0,0.0,
Jefferies Group LLC,2347,2,0.0,0.0,0.0,
Jefferies Group LLC,2347,3,0.0,0.0,0.0,
"BREAN CAPITAL, LLC",23723,1,0,0,0,
"BREAN CAPITAL, LLC",23723,2,0,0,0,
"BREAN CAPITAL, LLC",23723,3,0,0,0,
DOWL,24746,1,0,0,0,
DOWL,24746,2,0,0,0,
DOWL,24746,3,0,0,0,
BEECH HILL SECURITIES INC,24771,1,0.0,0.0,0.0,
BEECH HILL SECURITIES INC,24771,2,0.0,0.0,0.0,
BEECH HILL SECURITIES INC,24771,3,0.0,0.0,0.0,
Joseph Gunnar Co LLC,24795,1,0,0,0,
Joseph Gunnar Co LLC,24795,2,0,0,0,
Joseph Gunnar Co LLC,24795,3,0,0,0,
"Oppenheimer & Co., Inc.",249,1,113000.92,62159.49,175160.41,
"Oppenheimer & Co., Inc.",249,2,109138.49,40668.6,149807.09,-14.5
"Oppenheimer & Co., Inc.",249,3,109538.33,26706.07,136244.4,-9.1
"R.F. Lafferty & Co., Inc.",2498,1,0.0,2468.0,2468.0,
"R.F. Lafferty & Co., Inc.",2498,2,0.0,1835.0,1835.0,-25.6
"R.F. Lafferty & Co., Inc.",2498,3,0.0,4686.0,4686.0,155.4
"Edward D. Jones & Co, LP",250,1,0.0,0,0.0,
"Edward D. Jones & Co, LP",250,2,0.0,0,0.0,
"Edward D. Jones & Co, LP",250,3,0.0,0,0.0,
DEUTSCHE BANK SECURITIES INC,2525,1,0.0,0.0,0.0,
DEUTSCHE BANK SECURITIES INC,2525,2,0.0,0.0,0.0,
DEUTSCHE BANK SECURITIES INC,2525,3,0.0,0.0,0.0,
"CFD INVESTMENTS, INC.",25427,1,0.0,0.0,0.0,
"CFD INVESTMENTS, INC.",25427,2,0.0,0.0,0.0,
"CFD INVESTMENTS, INC.",25427,3,0.0,0.0,0.0,
RAYMOND JAMES USA LTD,25853,1,0.0,0.0,0.0,
RAYMOND JAMES USA LTD,25853,2,0.0,0.0,0.0,
RAYMOND JAMES USA LTD,25853,3,0.0,0.0,0.0,
Tocqueville Securities LP,26001,1,0,0.0,0.0,
Tocqueville Securities LP,26001,2,0,0.0,0.0,
Tocqueville Securities LP,26001,3,0,0.0,0.0,
American Enterprise Investment Services Inc. (AEIS),26506,1,0.0,0.0,0.0,
American Enterprise Investment Services Inc. (AEIS),26506,2,0.0,0.0,0.0,
American Enterprise Investment Services Inc. (AEIS),26506,3,0.0,0.0,0.0,
Scotia Capital (USA) Inc,2739,1,0,0,0,
Scotia Capital (USA) Inc,2739,2,0,0,0,
Scotia Capital (USA) Inc,2739,3,0,0,0,
ICAP,2762,1,0,0.0,0.0,
ICAP,2762,2,0,0.0,0.0,
ICAP,2762,3,0,0.0,0.0,
Tastytrade Inc,277027,1,699534.31,1761697.95,2461232.26,
Tastytrade Inc,277027,2,794756.54,1566174.83,2360931.37,-4.1
Tastytrade Inc,277027,3,1073644.36,1793766.66,2867411.02,21.5
281065 606 NMS,281065,1,0,0.0,0.0,
Citadel Securities Institutional LLC,281102,1,0,-638553.7,-638553.7,
Citadel Securities Institutional LLC,281102,2,0,-785072.05,-785072.05,
Citadel Securities Institutional LLC,281102,3,0,-899981.19,-899981.19,
Old Mission Markets LLC,281867,1,0,0.0,0.0,
Old Mission Markets LLC,281867,2,0,0.0,0.0,
Old Mission Markets LLC,281867,3,0,0.0,0.0,
Tradition Securities and Derivatives,28269,1,0,0.0,0.0,
Tradition Securities and Derivatives,28269,2,0,0.0,0.0,
Tradition Securities and Derivatives,28269,3,0,0.0,0.0,
TradeZero,282940,1,135515.59,3466.8,138982.39,
TradeZero,282940,2,171085.38,5394.88,176480.26,27.0
TradeZero,282940,3,233236.69,5763.92,239000.61,35.4
Moomoo Financial Inc,283078,1,0,0,0,
Moomoo Financial Inc,283078,2,0,0,0,
Moomoo Financial Inc,283078,3,0,0,0,
Market Securities LLC,283701,1,0,0.0,0.0,
Market Securities LLC,283701,2,0,0.0,0.0,
Market Securities LLC,283701,3,0,0.0,0.0,
MLCO.606_NEW,283942,1,0,-116443.32,-116443.32,
MLCO.606_NEW,283942,2,0,-121959.05,-121959.05,
MLCO.606_NEW,283942,3,0,-134641.85,-134641.85,
SSC.ANOS,284714,1,0,0.0,0.0,
SSC.ANOS,284714,2,0,0.0,0.0,
SSC.ANOS,284714,3,0,0.0,0.0,
"STATE STREET GLOBAL MARKETS, LLC",285852,1,0.0,0,0.0,
"STATE STREET GLOBAL MARKETS, LLC",285852,2,0.0,0,0.0,
"STATE STREET GLOBAL MARKETS, LLC",285852,3,0.0,0,0.0,
SMBC Nikko Securities Americas Inc,28602,1,0,0,0,
SMBC Nikko Securities Americas Inc,28602,2,0,0,0,
SMBC Nikko Securities Americas Inc,28602,3,0,0,0,
GBMT,28684,1,0.0,0,0.0,
GBMT,28684,2,0.0,0.0,0.0,
GBMT,28684,3,0.0,0.0,0.0,
"Robinhood Securities, LLC",287900,1,19255327.69,43921343.06,63176670.75,
"Robinhood Securities, LLC",287900,2,16736342.13,37283200.25,54019542.38,-14.5
"Robinhood Securities, LLC",287900,3,18763349.26,38434324.87,57197674.13,5.9
Alpaca Securities LLC,288202,1,1691244.49,400834.2,2092078.69,
Alpaca Securities LLC,288202,2,1521801.43,431785.2,1953586.63,-6.6
Alpaca Securities LLC,288202,3,1676042.0,612672.0,2288714.0,17.2
"Clear Street, LLC",288933,1,0.0,-1306.4,-1306.4,
"Clear Street, LLC",288933,2,0.0,-1018.21,-1018.21,
"Clear Street, LLC",288933,3,0.0,-703.52,-703.52,
Webull Financial LLC,289063,1,5276973.51,9044743.17,14321716.68,
Webull Financial LLC,289063,2,4070788.57,8915264.0,12986052.57,-9.3
Webull Financial LLC,289063,3,4710903.67,9530751.19,14241654.86,9.7
"Velox Clearing, LLC",290215,1,-4015.69,18655.28,14639.59,
"Velox Clearing, LLC",290215,2,-2921.24,25645.68,22724.44,55.2
"Velox Clearing, LLC",290215,3,-6926.77,8598.34,1671.57,-92.6
nblb,2908,1,0,0.0,0.0,
nblb,2908,2,0,0.0,0.0,
nblb,2908,3,0,0.0,0.0,
Rockefeller Financial LLC,291361,1,0.0,0.0,0.0,
Rockefeller Financial LLC,291361,2,0.0,0.0,0.0,
Rockefeller Financial LLC,291361,3,0.0,0.0,0.0,
INSIGNEO SECURITIES LLC,29249,1,0.0,0.0,0.0,
INSIGNEO SECURITIES LLC,29249,2,0.0,0.0,0.0,
INSIGNEO SECURITIES LLC,29249,3,0.0,0.0,0.0,
THE O N EQUITY SALES COMPANY,2936,1,0.0,0.0,0.0,
THE O N EQUITY SALES COMPANY,2936,2,0.0,0.0,0.0,
THE O N EQUITY SALES COMPANY,2936,3,0.0,0.0,0.0,
ORIENTAL FINANCIAL SERVICES LLC,29753,1,0.0,0.0,0.0,
ORIENTAL FINANCIAL SERVICES LLC,29753,2,0.0,0.0,0.0,
ORIENTAL FINANCIAL SERVICES LLC,29753,3,0.0,0.0,0.0,
FUTU CLEARING INC.,298769,1,1081542.79,3167388.08,4248930.87,
FUTU CLEARING INC.,298769,2,779486.06,3569623.68,4349109.74,2.4
FUTU CLEARING INC.,298769,3,1005745.05,3653207.07,4658952.12,7.1
HTSC,298809,1,0,0,0,
HTSC,298809,2,0,0,0,
HTSC,298809,3,0,0,0,
ALTU,299274,1,65549.32,0,65549.32,
ALTU,299274,2,75378.37,0,75378.37,15.0
ALTU,299274,3,79709.05,0,79709.05,5.7
Think Alpha Securities,300679,1,0,0,0,
Think Alpha Securities,300679,2,0,0,0,
Think Alpha Securities,300679,3,0,0,0,
IMC Execution Services,301273,1,0,0.0,0.0,
IMC Execution Services,301273,2,0,0.0,0.0,
IMC Execution Services,301273,3,0,0.0,0.0,
HUNTER ASSOCIATES,30177,1,0.0,0,0.0,
HUNTER ASSOCIATES,30177,2,0.0,0,0.0,
HUNTER ASSOCIATES,30177,3,0.0,0.0,0.0,
"MONEX SECURITIES, INC.",30362,1,0.0,0.0,0.0,
"MONEX SECURITIES, INC.",30362,2,0.0,0.0,0.0,
"MONEX SECURITIES, INC.",30362,3,0.0,0.0,0.0,
PUENTE SERVICIOS FINANCIEROS LLC,304587,1,0.0,0.0,0.0,
PUENTE SERVICIOS FINANCIEROS LLC,304587,2,0.0,0.0,0.0,
PUENTE SERVICIOS FINANCIEROS LLC,304587,3,0.0,0.0,0.0,
"Apex Fintech Brokerage Services, LLC",305818,1,0.0,0,0.0,
"Apex Fintech Brokerage Services, LLC",305818,2,0.0,0,0.0,
"Apex Fintech Brokerage Services, LLC",305818,3,0.0,0,0.0,
Prism Financial Products LP,306255,1,0,582.59,582.59,
Prism Financial Products LP,306255,2,0,2940.49,2940.49,404.7
Prism Financial Products LP,306255,3,0,6763.75,6763.75,130.0
GTS Execution Services LLC,306364,1,0,-1555.64,-1555.64,
GTS Execution Services LLC,306364,2,0,-2154.31,-2154.31,
GTS Execution Services LLC,306364,3,0,-2472.2,-2472.2,
Digital Brokerage Services LLC,308213,1,0.0,0,0.0,
Digital Brokerage Services LLC,308213,2,0.0,0,0.0,
Digital Brokerage Services LLC,308213,3,0.0,0,0.0,
"Clarksons Securities, Inc.",30882,1,0,0,0,
"Clarksons Securities, Inc.",30882,2,0,0,0,
"Clarksons Securities, Inc.",30882,3,0,0,0,
Mondeum Capital,309574,1,0,0,0,
Mondeum Capital,309574,2,0,0,0,
Mondeum Capital,309574,3,0,0,0,
RBC Clearing & Custody,31194,1,0.0,45948.29,45948.29,
RBC Clearing & Custody,31194,2,0.0,37010.09,37010.09,-19.5
RBC Clearing & Custody,31194,3,0.0,59964.55,59964.55,62.0
Tickrs,312531,1,-120042.54,-215141.11,-335183.65,
Tickrs,312531,2,-76605.44,-220185.5,-296790.94,
Tickrs,312531,3,-147974.3,-238122.87,-386097.17,
PIER,313305,1,-0.43,0,-0.43,
PIER,313305,2,-0.25,0,-0.25,
PIER,313305,3,-0.66,0,-0.66,
SEMINARIO SECURITIES LLC,315218,1,0.0,0.0,0.0,
SEMINARIO SECURITIES LLC,315218,2,0.0,0.0,0.0,
SEMINARIO SECURITIES LLC,315218,3,0.0,0.0,0.0,
Atomic Brokerage LLC,315263,1,0.0,0,0.0,
Atomic Brokerage LLC,315263,2,0.0,0,0.0,
Atomic Brokerage LLC,315263,3,0.0,0,0.0,
GTN Americas,315499,1,316498.99,58602.0,375100.99,
GTN Americas,315499,2,269907.46,30176.9,300084.36,-20.0
GTN Americas,315499,3,328332.56,60775.8,389108.36,29.7
"CIBEST CAPITAL SECURITIES, LLC",316232,1,0.0,0.0,0.0,
"CIBEST CAPITAL SECURITIES, LLC",316232,2,0.0,0.0,0.0,
"CIBEST CAPITAL SECURITIES, LLC",316232,3,0.0,0.0,0.0,
FNNL,316281,1,199.82,0,199.82,
FNNL,316281,2,77.21,0,77.21,-61.4
FNNL,316281,3,97.8,0,97.8,26.7
Optiver Execution Services LLC,316308,1,0,0.0,0.0,
Optiver Execution Services LLC,316308,2,0,0.0,0.0,
Optiver Execution Services LLC,316308,3,0,0.0,0.0,
"Atomic Vaults Securities, LLC",317194,1,108472.09,781295.99,889768.08,
"Atomic Vaults Securities, LLC",317194,2,88894.18,509674.19,598568.37,-32.7
"Atomic Vaults Securities, LLC",317194,3,181504.48,526621.69,708126.17,18.3
BERN - Sanford C Bernstein Co LLC - Institutional Research Services,317807,1,0,0,0,
BERN - Sanford C Bernstein Co LLC - Institutional Research Services,317807,2,0,0,0,
BERN - Sanford C Bernstein Co LLC - Institutional Research Services,317807,3,0,0,0,
KALA,32029,1,0.0,0,0.0,
KALA,32029,2,0.0,0,0.0,
KALA,32029,3,0.0,0,0.0,
FIRST HEARTLAND CAPITAL INC,32460,1,0.0,0.0,0.0,
FIRST HEARTLAND CAPITAL INC,32460,2,0.0,0.0,0.0,
FIRST HEARTLAND CAPITAL INC,32460,3,0.0,0.0,0.0,
APEX_VE2L,326979,1,129.67,0,129.67,
APEX_VE2L,326979,2,18.8,0,18.8,-85.5
APEX_VE2L,326979,3,237.83,0,237.83,1165.1
MULL,32754,4,0,0,0,
MULL,32754,5,0,0,0,
MULL,32754,6,0,0,0,
iFAST Securities US Corporation,327903,1,0,0,0,
iFAST Securities US Corporation,327903,2,0,0,0,
iFAST Securities US Corporation,327903,3,0.0,0,0.0,
"PRIME EXECUTIONS, INC.",32889,1,0,0,0,
"PRIME EXECUTIONS, INC.",32889,2,0,0,0,
"PRIME EXECUTIONS, INC.",32889,3,0,0,0,
GLXY,330599,1,0,-5.0,-5.0,
GLXY,330599,2,0,0,0,
GLXY,330599,3,0,0,0,
STEPHENS INC,3496,1,0.0,0.0,0.0,
STEPHENS INC,3496,2,0.0,0.0,0.0,
STEPHENS INC,3496,3,0.0,0.0,0.0,
"OSAIC INSTITUTIONS, INC.",35371,1,0.0,0.0,0.0,
"OSAIC INSTITUTIONS, INC.",35371,2,0.0,0.0,0.0,
"OSAIC INSTITUTIONS, INC.",35371,3,0.0,0.0,0.0,
PURSHE KAPLAN STERLING,35747,1,0.0,0.0,0.0,
PURSHE KAPLAN STERLING,35747,2,0.0,0.0,0.0,
PURSHE KAPLAN STERLING,35747,3,0.0,0.0,0.0,
Susquehanna Financial Group LLP,35865,1,0,0.0,0.0,
Susquehanna Financial Group LLP,35865,2,0,0.0,0.0,
Susquehanna Financial Group LLP,35865,3,0,0.0,0.0,
Goldman Sachs & Co. LLC,361,1,-22782.61,-552198.58,-574981.19,
Goldman Sachs & Co. LLC,361,2,-19718.48,-407264.19,-426982.67,
Goldman Sachs & Co. LLC,361,3,-26837.75,-286377.24,-313214.99,
Macquarie Capital (USA) Inc,36368,1,0,0,0,
Macquarie Capital (USA) Inc,36368,2,0,0,0,
Macquarie Capital (USA) Inc,36368,3,0,0,0,
FIRST COMMAND BROKERAGE SERVICES,3641,1,0,0,0,
FIRST COMMAND BROKERAGE SERVICES,3641,2,0,0,0,
FIRST COMMAND BROKERAGE SERVICES,3641,3,0,0,0,
Interactive Brokers,36418,1,-2803075.0,4825111.0,2022036.0,
Interactive Brokers,36418,2,-2825048.0,4494261.0,1669213.0,-17.4
Interactive Brokers,36418,3,-2970802.0,6198251.0,3227449.0,93.4
Pictet Overseas Brokerage Services,36500,1,1319.0,0.0,1319.0,
Pictet Overseas Brokerage Services,36500,2,1117.0,147.0,1264.0,-4.2
Pictet Overseas Brokerage Services,36500,3,557.0,2.0,559.0,-55.8
Celadon Financial Group,36538,1,2690.32,-1400.4,1289.92,
Celadon Financial Group,36538,2,1976.95,-1004.75,972.2,-24.6
Celadon Financial Group,36538,3,2709.98,-903.25,1806.73,85.8
PERSHING ADVISOR SOLUTIONS LLC,36671,1,0.0,0.0,0.0,
PERSHING ADVISOR SOLUTIONS LLC,36671,2,0.0,0.0,0.0,
PERSHING ADVISOR SOLUTIONS LLC,36671,3,0.0,0.0,0.0,
wdco,3777,1,4.09,0,4.09,
wdco,3777,2,-0.62,0,-0.62,-115.3
wdco,3777,3,-0.44,0,-0.44,-110.7
Mischler Financial Group Inc,37818,1,0,0.0,0.0,
Mischler Financial Group Inc,37818,2,0,0.0,0.0,
Mischler Financial Group Inc,37818,3,0,0.0,0.0,
FMN CAPITAL CORPORATION,38105,1,0.0,0,0.0,
FMN CAPITAL CORPORATION,38105,2,0.0,0,0.0,
FMN CAPITAL CORPORATION,38105,3,0.0,0,0.0,
"Matrix Executions, LLC",38455,1,0,-244080.38,-244080.38,
"Matrix Executions, LLC",38455,2,0,-258054.04,-258054.04,
"Matrix Executions, LLC",38455,3,0,-293635.76,-293635.76,
"LEIGH BALDWIN & CO., LLC",38751,1,0.0,0.0,0.0,
"LEIGH BALDWIN & CO., LLC",38751,2,0.0,0.0,0.0,
"LEIGH BALDWIN & CO., LLC",38751,3,0.0,0.0,0.0,
Beta Capital Securities LLC,38964,1,0.0,0.0,0.0,
Beta Capital Securities LLC,38964,2,0.0,0.0,0.0,
Beta Capital Securities LLC,38964,3,0.0,0.0,0.0,
LEER,39011,1,0,0.0,0.0,
LEER,39011,2,0,0.0,0.0,
LEER,39011,3,0,0.0,0.0,
"FINANCIAL SENSE SECURITIES, INC.",39301,1,0.0,0.0,0.0,
"FINANCIAL SENSE SECURITIES, INC.",39301,2,0.0,0.0,0.0,
"FINANCIAL SENSE SECURITIES, INC.",39301,3,0.0,0.0,0.0,
NASC,39455,1,0,0,0,
NASC,39455,2,0,0,0,
NASC,39455,3,0,0,0,
"CHURCHILL FINANCIAL, LLC",39462,1,0.0,0.0,0.0,
"CHURCHILL FINANCIAL, LLC",39462,2,0.0,0.0,0.0,
"CHURCHILL FINANCIAL, LLC",39462,3,0.0,0.0,0.0,
Tradestation Securities,39473,1,1263133.27,1317492.2,2580625.47,
Tradestation Securities,39473,2,1052373.82,1413624.15,2465997.97,-4.4
Tradestation Securities,39473,3,1615799.16,1538592.82,3154391.98,27.9
CAMBRIDGE INVESTMENT RESEARCH,39543,1,0.0,0.0,0.0,
CAMBRIDGE INVESTMENT RESEARCH,39543,2,0.0,0.0,0.0,
CAMBRIDGE INVESTMENT RESEARCH,39543,3,0.0,0.0,0.0,
CITIZENS SECURITIES INC.,39550,1,0.0,0.0,0.0,
CITIZENS SECURITIES INC.,39550,2,0.0,0.0,0.0,
CITIZENS SECURITIES INC.,39550,3,0.0,0.0,0.0,
West Park Capital,39914,1,0,0,0,
West Park Capital,39914,2,0,0,0,
West Park Capital,39914,3,0,0,0,
Bay Crest Partners LLC,39944,1,0,0.0,0.0,
Bay Crest Partners LLC,39944,2,0,0.0,0.0,
Bay Crest Partners LLC,39944,3,0,0.0,0.0,
EFGC,40118,1,0.0,0.0,0.0,
EFGC,40118,2,0.0,0.0,0.0,
EFGC,40118,3,0.0,0.0,0.0,
NORTHLAND SECURITIES INC,40258,1,0.0,0.0,0.0,
NORTHLAND SECURITIES INC,40258,2,0.0,0.0,0.0,
NORTHLAND SECURITIES INC,40258,3,0.0,0.0,0.0,
"Guggenheim Securities, LLC",40638,1,0,-3803.48,-3803.48,
"Guggenheim Securities, LLC",40638,2,0,-13636.83,-13636.83,
"Guggenheim Securities, LLC",40638,3,0,-10726.43,-10726.43,
"ALTERNA SECURITIES, INC.",41139,1,0.0,0.0,0.0,
"ALTERNA SECURITIES, INC.",41139,2,0.0,0.0,0.0,
"ALTERNA SECURITIES, INC.",41139,3,0.0,0.0,0.0,
SANTANDER INVESTMENT SERVICES,41791,1,0.0,0,0.0,
SANTANDER INVESTMENT SERVICES,41791,2,0.0,0,0.0,
SANTANDER INVESTMENT SERVICES,41791,3,0.0,0,0.0,
"KESTRA INVESTMENT SERVICES, LLC",42046,1,0.0,0.0,0.0,
"KESTRA INVESTMENT SERVICES, LLC",42046,2,0.0,0.0,0.0,
"KESTRA INVESTMENT SERVICES, LLC",42046,3,0.0,0.0,0.0,
"OBERWEIS SECURITIES, INC.",42060,1,0.0,0.0,0.0,
"OBERWEIS SECURITIES, INC.",42060,2,0.0,0.0,0.0,
"OBERWEIS SECURITIES, INC.",42060,3,0.0,0.0,0.0,
"SUNBELT SECURITIES, INC.",42180,1,0.0,0.0,0.0,
"SUNBELT SECURITIES, INC.",42180,2,0.0,0.0,0.0,
"SUNBELT SECURITIES, INC.",42180,3,0.0,0.0,0.0,
Evercore ISI,42405,1,0,860.77,860.77,
Evercore ISI,42405,2,0,4852.28,4852.28,463.7
Evercore ISI,42405,3,0,-1242.94,-1242.94,-125.6
MDB Capital,42677,1,-40.0,0.0,-40.0,
MDB Capital,42677,2,-7.0,0.0,-7.0,
MDB Capital,42677,3,0.0,0.0,0.0,
"VALIC FINANCIAL ADVISORS, INC.",42803,1,0.0,0,0.0,
"VALIC FINANCIAL ADVISORS, INC.",42803,2,0.0,0,0.0,
"VALIC FINANCIAL ADVISORS, INC.",42803,3,0.0,0,0.0,
Nomura,4297,1,0,-10606.57,-10606.57,
Nomura,4297,2,0,-10203.5,-10203.5,
Nomura,4297,3,0,-7154.23,-7154.23,
STATE FARM VP MANAGEMENT CORP,43036,1,0.0,0,0.0,
STATE FARM VP MANAGEMENT CORP,43036,2,0.0,0,0.0,
STATE FARM VP MANAGEMENT CORP,43036,3,0.0,0,0.0,
Loop Capital,43098,3,0,0,0,
WTCO,43678,1,0,0,0,
WTCO,43678,2,0,0,0,
WTCO,43678,3,0,0,0,
Lampost Capital,43706,1,0,0,0,
Lampost Capital,43706,2,0,0,0,
Lampost Capital,43706,3,0,0,0,
"Imperial Capital, LLC",43744,1,0,0,0,
"Imperial Capital, LLC",43744,2,0,0,0,
"Imperial Capital, LLC",43744,3,0,0,0,
NESBITT BURNS SECURITIES LIMITED,44057,1,0.0,0,0.0,
NESBITT BURNS SECURITIES LIMITED,44057,2,0.0,0,0.0,
NESBITT BURNS SECURITIES LIMITED,44057,3,0.0,0,0.0,
Capital One Securities Inc,44158,1,0,0,0,
Capital One Securities Inc,44158,2,0,0,0,
Capital One Securities Inc,44158,3,0,0,0,
FIRST CITIZENS INVESTOR SERVICES,44430,1,0.0,0.0,0.0,
FIRST CITIZENS INVESTOR SERVICES,44430,2,0.0,0.0,0.0,
FIRST CITIZENS INVESTOR SERVICES,44430,3,0.0,0.0,0.0,
"StoneX Financial, Inc.",45993,1,6477.13,10739.72,17216.85,
"StoneX Financial, Inc.",45993,2,7277.73,11657.49,18935.22,10.0
"StoneX Financial, Inc.",45993,3,14607.37,11508.94,26116.31,37.9
"HOLISTIC BROKERAGE, LLC",46001,1,0.0,0.0,0.0,
"HOLISTIC BROKERAGE, LLC",46001,2,0.0,0.0,0.0,
"HOLISTIC BROKERAGE, LLC",46001,3,0.0,0.0,0.0,
PARK AVENUE SECURITIES LLC,46173,1,0.0,0.0,0.0,
PARK AVENUE SECURITIES LLC,46173,2,0.0,0.0,0.0,
PARK AVENUE SECURITIES LLC,46173,3,0.0,0.0,0.0,
"Janney Montgomery Scott, Inc.",463,1,0.0,0.0,0.0,
"Janney Montgomery Scott, Inc.",463,2,0.0,0.0,0.0,
"Janney Montgomery Scott, Inc.",463,3,0.0,0.0,0.0,
ViewTrade,46987,1,4187.97,26.01,4213.98,
ViewTrade,46987,2,2591.63,78.6,2670.23,-36.6
ViewTrade,46987,3,3318.39,32.55,3350.94,25.5
"Ferretti Group, Inc",47768,3,0,0,0,
SAFRA SECURITIES LLC,47873,1,22775.47,-3382.0,19393.47,
SAFRA SECURITIES LLC,47873,2,7071.59,-2375.0,4696.59,-75.8
SAFRA SECURITIES LLC,47873,3,4326.32,-1908.5,2417.82,-48.5
"Folio Investments, Inc., d/b/a Goldman Sachs Custody Solutions",48015,1,3479.45,0,3479.45,
"Folio Investments, Inc., d/b/a Goldman Sachs Custody Solutions",48015,2,4950.66,0,4950.66,42.3
"Folio Investments, Inc., d/b/a Goldman Sachs Custody Solutions",48015,3,2913.26,0,2913.26,-41.2
"Keefe Bruette & Woods, Inc.",481,1,0,0,0,
"Keefe Bruette & Woods, Inc.",481,2,0,0,0,
"Keefe Bruette & Woods, Inc.",481,3,0,0,0,
Ladenburg Thalmann & Co. Inc (“LTCO”),505,1,0.0,-17.5,-17.5,
Ladenburg Thalmann & Co. Inc (“LTCO”),505,2,0.0,-17.5,-17.5,
Ladenburg Thalmann & Co. Inc (“LTCO”),505,3,0.0,0,0.0,
NYLIFE SECURITIES LLC.,5167,1,0.0,0.0,0.0,
NYLIFE SECURITIES LLC.,5167,2,0.0,0.0,0.0,
NYLIFE SECURITIES LLC.,5167,3,0.0,0.0,0.0,
"Muriel Siebert & Co., Inc",5376,1,106164.69,22825.19,128989.88,
"Muriel Siebert & Co., Inc",5376,2,113972.93,22092.74,136065.67,5.5
"Muriel Siebert & Co., Inc",5376,3,108264.99,18687.84,126952.83,-6.7
Charles Schwab,5393,1,30444283.65,33605739.53,64050023.18,
Charles Schwab,5393,2,29009126.87,37229055.46,66238182.33,3.4
Charles Schwab,5393,3,31761402.34,46129523.24,77890925.58,17.6
KEYB,566,1,0,0,0,
KEYB,566,2,0,0,0,
KEYB,566,3,0,0,0,
Paulson Investment Company  Inc,5670,1,0.0,0,0.0,
Paulson Investment Company  Inc,5670,2,0.0,0,0.0,
Paulson Investment Company  Inc,5670,3,0.0,0,0.0,
"VANDERBILT SECURITIES, LLC",5953,1,0.0,0.0,0.0,
"VANDERBILT SECURITIES, LLC",5953,2,0.0,0.0,0.0,
"VANDERBILT SECURITIES, LLC",5953,3,0.0,0.0,0.0,
Hilltop Securities,6220,1,8979.02,5415.45,14394.47,
Hilltop Securities,6220,2,6368.98,6455.39,12824.37,-10.9
Hilltop Securities,6220,3,8065.01,7333.08,15398.09,20.1
rhco,6271,1,0.0,0,0.0,
rhco,6271,2,0.0,0,0.0,
rhco,6271,3,0.0,0,0.0,
FTSR,628,1,0.0,0.0,0.0,
FTSR,628,2,0.0,0.0,0.0,
FTSR,628,3,0.0,0.0,0.0,
LPL FINANCIAL,6413,1,0.0,0.0,0.0,
LPL FINANCIAL,6413,2,0.0,0.0,0.0,
LPL FINANCIAL,6413,3,0.0,0.0,0.0,
EQUITABLE,6627,1,0.0,0.0,0.0,
EQUITABLE,6627,2,0.0,0.0,0.0,
EQUITABLE,6627,3,0.0,0.0,0.0,
PIPER SANDLER AND CO.,665,1,0,-5671.66,-5671.66,
PIPER SANDLER AND CO.,665,2,0,-2721.69,-2721.69,
PIPER SANDLER AND CO.,665,3,0,-5571.22,-5571.22,
JONE,6888,1,0,0.0,0.0,
JONE,6888,2,0,0.0,0.0,
JONE,6888,3,0,0.0,0.0,
Raymond James,705,1,0,-1747.26,-1747.26,
Raymond James,705,2,0,-1668.46,-1668.46,
Raymond James,705,3,0,-1913.73,-1913.73,
"Citigroup Global Markets Inc. (""CGMI"") Wealth",7059,1,0.0,0.0,0.0,
"Citigroup Global Markets Inc. (""CGMI"") Wealth",7059,2,0.0,0.0,0.0,
"Citigroup Global Markets Inc. (""CGMI"") Wealth",7059,3,0.0,0.0,0.0,
"LASALLE ST. SECURITIES, L.L.C.",7191,1,0.0,0.0,0.0,
"LASALLE ST. SECURITIES, L.L.C.",7191,2,0.0,0.0,0.0,
"LASALLE ST. SECURITIES, L.L.C.",7191,3,0.0,0.0,0.0,
Regal Securities,7297,1,693.91,16641.93,17335.84,
Regal Securities,7297,2,594.93,24823.25,25418.18,46.6
Regal Securities,7297,3,542.81,31726.37,32269.18,27.0
APEX Clearing,7320,1,2540068.79,1367559.64,3907628.43,
APEX Clearing,7320,2,2375219.87,1214836.69,3590056.56,-8.1
APEX Clearing,7320,3,1561273.54,1288325.44,2849598.98,-20.6
G. Research,7353,1,0.0,0,0.0,
G. Research,7353,2,0.0,0,0.0,
G. Research,7353,3,0.0,0,0.0,
Vanguard Brokerage Services,7452,1,0.0,0.0,0.0,
Vanguard Brokerage Services,7452,2,0.0,0.0,0.0,
Vanguard Brokerage Services,7452,3,0.0,0.0,0.0,
Capis Trading,7551,1,0,-4029.05,-4029.05,
Capis Trading,7551,2,0,-90.19,-90.19,
Capis Trading,7551,3,0,-4661.73,-4661.73,
PERSHING LLC,7560,1,51974.2,30317.3,82291.5,
PERSHING LLC,7560,2,54314.24,26785.35,81099.59,-1.4
PERSHING LLC,7560,3,64720.5,24187.25,88907.75,9.6
SECURITIES MANAGEMENT & RESEARCH,759,1,0.0,0,0.0,
SECURITIES MANAGEMENT & RESEARCH,759,2,0.0,0.0,0.0,
SECURITIES MANAGEMENT & RESEARCH,759,3,0.0,0.0,0.0,
"UBS Securities, LLC",7654,1,-1308481.26,5255.16,-1303226.1,
"UBS Securities, LLC",7654,2,-1287984.06,6372.25,-1281611.81,
"UBS Securities, LLC",7654,3,-1339957.93,7086.89,-1332871.04,
MLCO.GWIM_NEW,7691,1,-283944.07,323531.83,39587.76,
MLCO.GWIM_NEW,7691,2,-260723.66,252609.1,-8114.56,-120.5
MLCO.GWIM_NEW,7691,3,-281970.12,269569.21,-12400.91,-131.3
FIDELITY BROKERAGE SERVICES LLC,7784,1,-13760.0,8753907.0,8740147.0,
FIDELITY BROKERAGE SERVICES LLC,7784,2,-16203.0,8011844.0,7995641.0,-8.5
FIDELITY BROKERAGE SERVICES LLC,7784,3,-12791.0,8824704.0,8811913.0,10.2
ZacksTrade,7874,1,-438.0,516.0,78.0,
ZacksTrade,7874,2,-778.0,-233.0,-1011.0,-1396.2
ZacksTrade,7874,3,-312.0,1118.0,806.0,933.3
INCA,7897,1,0,-830737.39,-830737.39,
INCA,7897,2,0,-1160475.17,-1160475.17,
INCA,7897,3,0,-946223.3,-946223.3,
"JP Morgan Securities, LLC",79,1,-5416.51,0.0,-5416.51,
"JP Morgan Securities, LLC",79,2,-4842.68,0.0,-4842.68,
"JP Morgan Securities, LLC",79,3,-5264.19,0.0,-5264.19,
Northern Trust Securities Inc,7927,1,-1877.87,0.0,-1877.87,
Northern Trust Securities Inc,7927,2,-1576.96,0.0,-1576.96,
Northern Trust Securities Inc,7927,3,-2542.14,0.0,-2542.14,
"Stifel, Nicolaus & Co., Inc.",793,1,128230.17,0.0,128230.17,
"Stifel, Nicolaus & Co., Inc.",793,2,175763.59,0.0,175763.59,37.1
"Stifel, Nicolaus & Co., Inc.",793,3,161571.4,0.0,161571.4,-8.1
"Gordon, Haskett Capital Corp.",7976,1,0,0,0,
"Gordon, Haskett Capital Corp.",7976,2,0,0,0,
"Gordon, Haskett Capital Corp.",7976,3,0,0,0,
TZCL,8089,1,76878.74,0,76878.74,
TZCL,8089,2,77987.97,0,77987.97,1.4
TZCL,8089,3,96952.0,0,96952.0,24.3
POPULAR SECURITIES,8096,1,0.0,0.0,0.0,
POPULAR SECURITIES,8096,2,0.0,0.0,0.0,
POPULAR SECURITIES,8096,3,0.0,0.0,0.0,
"Robert W. Baird & Co., Inc.",8158,1,0.0,0.0,0.0,
"Robert W. Baird & Co., Inc.",8158,2,0.0,0.0,0.0,
"Robert W. Baird & Co., Inc.",8158,3,0.0,0.0,0.0,
UBS Financial Services Inc,8174,1,0.0,-5988.0,-5988.0,
UBS Financial Services Inc,8174,2,0.0,-5466.04,-5466.04,
UBS Financial Services Inc,8174,3,0.0,-4568.31,-4568.31,
Morgan Stanley & Co.,8209,1,0,0.0,0.0,
Morgan Stanley & Co.,8209,2,0,0.0,0.0,
Morgan Stanley & Co.,8209,3,0,0.0,0.0,
OPAL,8246,1,3878.35,13030.26,16908.61,
OPAL,8246,2,2558.48,7171.94,9730.42,-42.5
OPAL,8246,3,4264.58,5296.27,9560.85,-1.7
T.ROWE PRICE,8348,1,0.0,0.0,0.0,
T.ROWE PRICE,8348,2,0.0,0.0,0.0,
T.ROWE PRICE,8348,3,0.0,0.0,0.0,
A.G.P./Alliance Global Partners,8361,1,-1801.48,53.2,-1748.28,
A.G.P./Alliance Global Partners,8361,2,-1147.74,31.23,-1116.51,
A.G.P./Alliance Global Partners,8361,3,-1383.26,21.98,-1361.28,
LPL ENTERPRISE,8733,1,0.0,0.0,0.0,
LPL ENTERPRISE,8733,2,0.0,0.0,0.0,
LPL ENTERPRISE,8733,3,0.0,0.0,0.0,
"Wedbush Securities, Inc.",877,1,0.0,7518.5,7518.5,
"Wedbush Securities, Inc.",877,2,0.0,5280.75,5280.75,-29.8
"Wedbush Securities, Inc.",877,3,0.0,4491.75,4491.75,-14.9
ONEL,894,1,0,-9.8,-9.8,
ONEL,894,2,0,-108.75,-108.75,
ONEL,894,3,0,-10.12,-10.12,
