venue_name,mic,equity_pfof_usd,options_pfof_usd,total_pfof_received_usd,market_share_pct,broker_count,exclusive_broker_count
CITADEL SECURITIES LLC,,99838483.78,176185309.34,276023793.12,38.23,65,2
Jane Street Capital,,44585776.27,66470247.87,111056024.14,15.38,36,0
Dash/IMC Financial Markets,,-18931.33,103907231.71,103888300.38,14.39,35,0
"Virtu Americas, LLC",,57250762.0,0.0,57250762.0,7.93,59,4
Global Execution Brokers LP,,0.0,33350881.69,33350881.69,4.62,27,0
Hudson River Trading (HRT),,32775582.86,0.0,32775582.86,4.54,30,0
"Wolverine Execution Services, LLC",,0.0,22982825.09,22982825.09,3.18,37,0
"G1 Execution Services, LLC",,22680649.07,0.0,22680649.07,3.14,31,0
"Global Execution Brokers, LP",,0.0,16320316.72,16320316.72,2.26,7,0
CITADEL SECURITIES LLC,CDRG,374023.32,7946442.36,8320465.68,1.15,117,4
"Two Sigma Securities, LLC",,7800368.38,0.0,7800368.38,1.08,32,1
NASDAQ OMX PHLX,XPHL,0.0,7593308.66,7593308.66,1.05,3,0
"JANE STREET CAPITAL, LLC",JNST,111921.46,6402643.66,6514565.12,0.9,102,0
"GLOBAL EXECUTION BROKERS, LP",GEBB,0.0,5215986.43,5215986.43,0.72,39,0
DASH FINANCIAL OPTION ATS,DASH,-7011.7,3831804.93,3824793.23,0.53,80,0
GTS SECURITIES LLC,,3671218.72,0.0,3671218.72,0.51,27,0
"Citadel Securities, LLC",,1887708.02,1696203.32,3583911.34,0.5,5,0
Citadel Securities LLC,,2098892.44,516895.2,2615787.64,0.36,2,0
MIAX Sapphire,MIHI,0.0,2523764.0,2523764.0,0.35,3,0
"Jane Street Capital, LLC",,1594160.69,284677.8,1878838.49,0.26,2,0
JANE,,129056.78,973024.92,1102081.7,0.15,1,0
LAMPOST CAPITAL LC,LAMP,1009388.54,0.0,1009388.54,0.14,3,0
Dash Financial,,0.0,960445.12,960445.12,0.13,2,0
HRT FINANCIAL LP,HRTF,808976.65,0.0,808976.65,0.11,106,0
"Citadel Securities ""LITE""",CDED,801497.0,0.0,801497.0,0.11,4,0
"WOLVERINE EXECUTION SERV, LLC",WEXX,0.0,719611.8,719611.8,0.1,84,0
Dash Financial Technologies,,0.0,579106.19,579106.19,0.08,3,0
"Matrix Executions, LLC",,0.0,459405.29,459405.29,0.06,6,0
Apex Clearing Corporation,,449391.35,0.0,449391.35,0.06,1,0
MIAX SAPPHIRE LLC,,0.0,434870.44,434870.44,0.06,2,0
CITADEL,,291834.59,55707.15,347541.74,0.05,1,0
NYSE ARCA OPTIONS,,0.0,312531.84,312531.84,0.04,13,0
GTS Securities LLC,,288329.54,0.0,288329.54,0.04,1,0
Canaccord Genuity Securities,,176321.36,0.0,176321.36,0.02,8,0
"UBS Securities, LLC",,152885.91,0.0,152885.91,0.02,19,0
Wolverine Execution Services,,0.0,152128.73,152128.73,0.02,1,0
Citadel Execution Services,,0.0,151100.51,151100.51,0.02,14,0
"StoneX Financial, Inc.",,138888.64,0.0,138888.64,0.02,15,0
TWO SIGMA SECURITIES,SOHO,129268.9,0.0,129268.9,0.02,106,0
STONEX FINANCIAL INC.,INTL,126686.12,0.0,126686.12,0.02,54,0
"INTERNATIONAL SECURITIES EXCHANGE, LLC",XISE,0.0,102968.5,102968.5,0.01,4,0
MEMX LLC,,265900.06,-212333.23,53566.83,0.01,10,0
"Susquehanna Financial Group, LLP",,0.0,53029.5,53029.5,0.01,9,0
"Lampost Capital, L.C.",,48481.72,0.0,48481.72,0.01,2,0
Cboe C1,,0.0,43607.71,43607.71,0.01,1,0
"Matrix Executions, LLC / Simplex Trading, LLC",,0.0,42884.3,42884.3,0.01,11,0
"G1 EXECUTION SERVICES, LLC",ETMM,28431.66,0.0,28431.66,0.0,102,0
ISE Gemini,,0.0,22701.66,22701.66,0.0,1,0
"GLOBAL EXECUTION BROKERS, LP.",SUSQ,0.0,20947.85,20947.85,0.0,44,0
"FLOW TRADERS U.S. Institutional Trading, LL",,19163.53,0.0,19163.53,0.0,1,0
"Dash Financial Technologies, LLC",,0.0,19162.9,19162.9,0.0,1,0
NASDAQ ISE,,0.0,16770.5,16770.5,0.0,1,0
Citadel Options,,0.0,16144.32,16144.32,0.0,1,0
NYSE ARCA (ARCA),,15855.52,0.0,15855.52,0.0,2,0
RICE,,13060.11,1869.3,14929.41,0.0,2,0
UBS SECURITIES,UBSS,13207.01,0.0,13207.01,0.0,103,0
"Dash Financial technologies, LLC",,0.0,13057.4,13057.4,0.0,1,0
"NYSE NATIONAL, INC",,12104.76,0.0,12104.76,0.0,1,0
WATERSHED,,0.0,10907.99,10907.99,0.0,1,0
X-Change Financial Access (XFA),,0.0,10286.83,10286.83,0.0,1,0
CBOE BYX Exchange,BATY,9936.14,0.0,9936.14,0.0,6,0
Virtu Financial,,9895.92,0.0,9895.92,0.0,1,0
BOX Exchange LLC,,0.0,9806.64,9806.64,0.0,8,0
Muriel Siebert & Co. Inc.,,9067.51,0.0,9067.51,0.0,2,0
"Susquehanna International Group, LLP (SUSQ)",,0.0,8989.0,8989.0,0.0,8,0
CDEL,CDEL,7203.55,0.0,7203.55,0.0,1,0
VALR,VALR,6412.91,0.0,6412.91,0.0,5,1
Clearpool Execution Services LLC,CPEM,5660.5,0.0,5660.5,0.0,6,1
XOTH,XOTH,5571.53,0.0,5571.53,0.0,1,0
JNOP,JNOP,0.0,5203.2,5203.2,0.0,42,0
DFIN,DFIN,-21645.79,25778.99,4133.2,0.0,30,0
Jump Trading,,4035.58,0.0,4035.58,0.0,3,0
CODA MARKETS INC,,3805.15,0.0,3805.15,0.0,5,0
BTIG,,0.0,3692.0,3692.0,0.0,1,0
Citadel Executions Services,,3221.51,0.0,3221.51,0.0,1,0
WEX,,0.0,2210.72,2210.72,0.0,1,0
PHILADELPHIA OPTIONS EXCHANGE,PHLX,0.0,1735.0,1735.0,0.0,6,0
Citadel Securities,,1731.61,0.0,1731.61,0.0,3,0
GTS SECURITIES LLC.,GTSM,1605.18,0.0,1605.18,0.0,76,0
C2,,0.0,1556.1,1556.1,0.0,1,0
Susquehanna Financial Group LLP,SUFI,0.0,1452.21,1452.21,0.0,3,0
XTX Markets SAS,,1450.76,0.0,1450.76,0.0,1,0
Citadel,,1447.45,0.0,1447.45,0.0,1,0
The Nasdaq Stock Market,,1387.62,0.0,1387.62,0.0,10,0
ISE,,0.0,1337.43,1337.43,0.0,1,0
MIAX Emerald,,0.0,1303.85,1303.85,0.0,1,0
MCRY,,0.0,1220.76,1220.76,0.0,2,0
LKSK,,0.0,1094.35,1094.35,0.0,1,0
OPCO,,0.0,716.0,716.0,0.0,1,0
"Bofa Securities, Inc.",BCEX,0.0,452.61,452.61,0.0,2,0
"Nasdaq GEMX, LLC",,0.0,276.14,276.14,0.0,2,0
"Cboe BYX Exchange, Inc.",,182.64,0.0,182.64,0.0,4,0
Coda Markets Inc.,,179.75,0.0,179.75,0.0,1,0
PTRPX,,0.0,158.8,158.8,0.0,1,0
"Instinet, LLC",INCA,5.0,149.0,154.0,0.0,2,1
Nasdaq OMX,,127.34,0.0,127.34,0.0,2,0
PDQM,PDQM,86.56,0.0,86.56,0.0,1,0
TJMW,,0.0,86.14,86.14,0.0,1,0
NASDAQ,,75.6,-1.6,74.0,0.0,1,0
"TRADEZERO AMERICA, INC",ZERO,0.0,65.21,65.21,0.0,4,0
IAEC,,0.0,37.5,37.5,0.0,1,0
Canaccord Capital Corporation,,16.77,0.0,16.77,0.0,2,0
MATRIX,,0.0,8.91,8.91,0.0,1,0
MIAX Pearl Equities,,6.84,0.0,6.84,0.0,1,0
VIRTU MATCHIT ATS,,4.41,0.0,4.41,0.0,1,0
Watershed Technologies,,0.0,0.22,0.22,0.0,1,0
"VIRTU AMERICAS, LLC. (VALR)",,0.11,0.0,0.11,0.0,1,0
Instinct X,,0.01,0.0,0.01,0.0,1,0
WALL STREET ACCESS,,0.0,0.0,0.0,0.0,1,0
"Goldman, Sachs & Co.",,0.0,0.0,0.0,0.0,8,1
"Cowen and Company, LLC",,0.0,0.0,0.0,0.0,1,0
ICRS,ICRS,0.0,0.0,0.0,0.0,47,0
PERSHING FRACTIONAL SHARE,PFRA,0.0,0.0,0.0,0.0,32,0
EDGXOPT,,0.0,0.0,0.0,0.0,1,0
ISEOPT2,,0.0,0.0,0.0,0.0,1,0
CBOEOPT2,,0.0,0.0,0.0,0.0,1,0
MCRYOPT,,0.0,0.0,0.0,0.0,1,0
PHLXOPT2,,0.0,0.0,0.0,0.0,1,0
EANJ,,0.0,0.0,0.0,0.0,1,0
SRT SECURITIES LLC.,,0.0,0.0,0.0,0.0,1,0
IBKR ATS,IATS,0.0,0.0,0.0,0.0,4,0
INTERACTIVE BROKERS CORP,IBCO,0.0,0.0,0.0,0.0,4,0
XTX Execution Services LLC,XTXE,0.0,0.0,0.0,0.0,4,0
"Jane Street Capital LLC ""PRO""",JSJX,0.0,0.0,0.0,0.0,3,0
IEX,IEXD,0.0,0.0,0.0,0.0,2,0
Knight Link,KNLI,0.0,0.0,0.0,0.0,2,0
"Virtu Americas LLC ""PRO""",VIRT,0.0,0.0,0.0,0.0,4,1
N/A,,0.0,0.0,0.0,0.0,1,0
Citadel Securities (CDRG),,0.0,0.0,0.0,0.0,8,0
"Jane Street Capital, LLC (JNST)",,0.0,0.0,0.0,0.0,7,0
HRT FINANCIAL LP (HRTF),,0.0,0.0,0.0,0.0,6,0
"G1 Execution Services, LLC (ETMM)",,0.0,0.0,0.0,0.0,7,0
"Virtu Americas, LLC (NITE)",,0.0,0.0,0.0,0.0,8,0
UBS Securities LLC (UBSS),,0.0,0.0,0.0,0.0,8,0
Two Sigma Securities (SOHO),,0.0,0.0,0.0,0.0,7,0
StoneX Financial Inc (INTL),,0.0,0.0,0.0,0.0,6,0
INTELLIGENT CROSS LLC (INCR),,0.0,0.0,0.0,0.0,4,0
GTS Securities LLC (GTSM),,0.0,0.0,0.0,0.0,4,0
Citadel Securities LLC (CITL),,0.0,0.0,0.0,0.0,6,0
Wolverine Execution Svc. (WEXX),,0.0,0.0,0.0,0.0,8,0
DASH Financial Option ATS (DASH),,0.0,0.0,0.0,0.0,6,0
"Jane Street Options, LLC (JSOL)",,0.0,0.0,0.0,0.0,6,0
DASH Financial Technologies LLC (DFIN),,0.0,0.0,0.0,0.0,4,0
FDLM,,0.0,0.0,0.0,0.0,4,0
CDRE,,0.0,0.0,0.0,0.0,1,0
NITV,,0.0,0.0,0.0,0.0,1,0
DASH Financial Option ATS,,0.0,0.0,0.0,0.0,3,0
"Jane Street Execution Services, LLC",,0.0,0.0,0.0,0.0,5,0
Instinet BlockCross,BLKX,0.0,0.0,0.0,0.0,24,0
JEFFERIES,,0.0,0.0,0.0,0.0,1,0
"G1 Execution ServiCitadel Execution Services(CES), LLC(ETMM)",,0.0,0.0,0.0,0.0,1,0
"VIRTU Americas, LLC(NITE)",,0.0,0.0,0.0,0.0,1,0
Citadel Securities LLC(CDRG),,0.0,0.0,0.0,0.0,1,0
"Jane Street Capital, LLC(JNST)",,0.0,0.0,0.0,0.0,1,0
Hudson River Trading(HRTF),,0.0,0.0,0.0,0.0,1,0
Fidelity Crossstream ATS(XSTM),,0.0,0.0,0.0,0.0,1,0
"UBS Securities, LLC(UBSS)",,0.0,0.0,0.0,0.0,1,0
"Two Sigma Securities, LLC(SOHO)",,0.0,0.0,0.0,0.0,1,0
Goldman Sachs and Co(GSCO),,0.0,0.0,0.0,0.0,1,0
Anonymous(ANON),,0.0,0.0,0.0,0.0,1,0
Citadel Execution Services(CES),,0.0,0.0,0.0,0.0,1,0
"GEB SECURITIES, INC.(GEB)",,0.0,0.0,0.0,0.0,1,0
Dash Financial LLC(DFIN),,0.0,0.0,0.0,0.0,1,0
"WOLVERINE EXECUTION SERVICES, LLC(WEXX)",,0.0,0.0,0.0,0.0,1,0
National Financial Services LLC,XSTM,0.0,0.0,0.0,0.0,24,0
Interactive Brokers LLC,IBKR,0.0,0.0,0.0,0.0,14,0
"Pershing, LLC",PERS,0.0,0.0,0.0,0.0,4,1
Barclays Capital Inc./Le,LEHM,0.0,0.0,0.0,0.0,1,0
"JANE STREET Execution Services, LLC",JSEB,0.0,0.0,0.0,0.0,3,0
"Morgan Stanley & Co, LLC",MSCO,0.0,0.0,0.0,0.0,4,0
"JPMorgan Securities, LLC",JPMS,0.0,0.0,0.0,0.0,3,0
"MERRILL LYNCH, PIERCE, FENNER & SMITH",,0.0,0.0,0.0,0.0,1,0
"OLD MISSION MARKETS, LLC",OLMN,0.0,0.0,0.0,0.0,2,0
VELOX,,0.0,0.0,0.0,0.0,1,0
National Financial Services LLC,NFSC,0.0,0.0,0.0,0.0,4,2
Citadel ATS,,0.0,0.0,0.0,0.0,1,0
Comhar Markets,,0.0,0.0,0.0,0.0,1,0
Virtu,,0.0,0.0,0.0,0.0,1,0
Hudson River,,0.0,0.0,0.0,0.0,1,0
JUMP SDP,,0.0,0.0,0.0,0.0,1,0
Tower Research,,0.0,0.0,0.0,0.0,1,0
Jane Street,,0.0,0.0,0.0,0.0,1,0
Sage ATS,,0.0,0.0,0.0,0.0,1,0
IEX,,0.0,0.0,0.0,0.0,1,0
UBS ATS,,0.0,0.0,0.0,0.0,1,0
BATS Y,,0.0,0.0,0.0,0.0,1,0
Level ATS,,0.0,0.0,0.0,0.0,3,0
GS Sigma-X,,0.0,0.0,0.0,0.0,1,0
Cboe C2,,0.0,0.0,0.0,0.0,1,0
MIAX Pearl,,0.0,0.0,0.0,0.0,1,0
Citadel Securities LLC (CDRG),,0.0,0.0,0.0,0.0,1,0
Wall Street Access (VNDM),,0.0,0.0,0.0,0.0,1,0
Virtu Americas LLC (NITE),,0.0,0.0,0.0,0.0,1,0
Jane Street Capital LLC (JNST),,0.0,0.0,0.0,0.0,1,0
GLOBAL EXECUTION BROKERS LP (GEBB),,0.0,0.0,0.0,0.0,1,0
Dash Financial Technologies LLC(DASH),,0.0,0.0,0.0,0.0,1,0
Wolverine Execution Services LLC(WEXX),,0.0,0.0,0.0,0.0,1,0
"MML Investors Services, Inc.",GRPS,0.0,0.0,0.0,0.0,1,0
COWN,COWN,0.0,0.0,0.0,0.0,1,0
REDG,REDG,0.0,0.0,0.0,0.0,4,0
VNDM,VNDM,0.0,0.0,0.0,0.0,1,0
WALL,WALL,0.0,0.0,0.0,0.0,3,0
Pershing LLC,,0.0,0.0,0.0,0.0,1,0
VOLANT EXECUTION,VLNT,0.0,0.0,0.0,0.0,1,0
JUMP TRADING - US EQUITY PLATFORM,JLEQ,0.0,0.0,0.0,0.0,2,0
Matchit ATS,VFMI,0.0,0.0,0.0,0.0,1,0
"Nasdaq Execution Services, LLC.",NASR,0.0,0.0,0.0,0.0,1,0
INCR-H,,0.0,0.0,0.0,0.0,1,0
"INSTINET, LLC (PULX)",PULX,0.0,0.0,0.0,0.0,3,0
NASDAQ OMX BX,XBOS,0.0,0.0,0.0,0.0,2,0
"LONG-TERM STOCK EXCHANGE, INC.",LTSE,0.0,0.0,0.0,0.0,2,0
"NASDAQ EXECUTION SERVICES, LLC",INET,0.0,0.0,0.0,0.0,3,1
"Matrix Executions, LLC (RSKY)",,0.0,0.0,0.0,0.0,1,0
"TradeZero America, Inc (ZERO)",,0.0,0.0,0.0,0.0,1,0
TradeMas Inc (TRDM),,0.0,0.0,0.0,0.0,1,0
BTG Pactual US Capital LLC (PACT),,0.0,0.0,0.0,0.0,1,0
INTL FCSTONE FINANCIAL INC. (FCST),,0.0,0.0,0.0,0.0,1,0
"X-CHANGE FINANCIAL ACCESS, LLC (XFAN)",,0.0,0.0,0.0,0.0,1,0
Citigroup Global Markets Inc. (ICG Markets),,0.0,0.0,0.0,0.0,1,0
"NYSE New York Stock Exchange, Inc (NYSE)",,0.0,0.0,0.0,0.0,2,0
Goldman Sachs & Co (GSCO),,0.0,0.0,0.0,0.0,3,0
"NASDAQ Execution Services, LLC (INET)",,0.0,0.0,0.0,0.0,3,0
"Global Execution Brokers, LP (GEBB)",,0.0,0.0,0.0,0.0,2,0
Interactive Brokers LLC (IBKR),,0.0,0.0,0.0,0.0,1,0
UNKNOWN,,0.0,0.0,0.0,0.0,1,0
"XCHANGE FINANCIAL ACCESS, LLC",XFAB,0.0,0.0,0.0,0.0,1,0
"RQD* Clearing, LLC",,0.0,0.0,0.0,0.0,1,0
CLEARPOOL LLC,CPEX,0.0,0.0,0.0,0.0,2,0
BBSS,,0.0,0.0,0.0,0.0,1,0
Citadel Securities Institutional LLC,CSIN,0.0,0.0,0.0,0.0,2,0
X-Change Financial Access,XFAN,0.0,0.0,0.0,0.0,2,0
JRFE,JRFE,0.0,0.0,0.0,0.0,1,0
MRFQ,MRFQ,0.0,0.0,0.0,0.0,1,0
Pacific Exchange,XPSE,0.0,0.0,0.0,0.0,4,0
G-JANESTREETOPT,,0.0,0.0,0.0,0.0,1,0
G-MATRIXOPT2_AP,,0.0,0.0,0.0,0.0,1,0
NYSE AMEX OPTIONS,AMEX,0.0,0.0,0.0,0.0,5,0
TOWER RESEARCH CAPITAL TRCX,TRCX,0.0,0.0,0.0,0.0,1,0
SAGETRADER,SAGE,0.0,0.0,0.0,0.0,1,0
LEVEL ATS,LEVL,0.0,0.0,0.0,0.0,1,0
XTX DIRECT,XTXD,0.0,0.0,0.0,0.0,1,0
BNPP CORTEX ATS,BNPC,0.0,0.0,0.0,0.0,1,0
GOLDMAN SACH MTF,SGMA,0.0,0.0,0.0,0.0,1,0
INSTINET CBX (US),ICBX,0.0,0.0,0.0,0.0,1,0
JPMX,JPMX,0.0,0.0,0.0,0.0,1,0
POSIT,ITGI,0.0,0.0,0.0,0.0,1,0
N/A,XXXX,0.0,0.0,0.0,0.0,1,0
"BofA Securities,Inc. (MLCO)",,0.0,0.0,0.0,0.0,1,0
VIRTU AMERICAS LLC (VALR),,0.0,0.0,0.0,0.0,1,1
Instinet (INCA),,0.0,0.0,0.0,0.0,1,0
"RBC Capital Markets, LLC (RBCM)",,0.0,0.0,0.0,0.0,1,0
Fidelity CrossStream ATS (XSTM),,0.0,0.0,0.0,0.0,1,0
Chicago Board Options Exchange (CBOE),,0.0,0.0,0.0,0.0,1,0
The Nasdaq Stock Market LLC (NSDQ),,0.0,0.0,0.0,0.0,1,0
CBOE BZX U.S. Equities Exchange (BATS),,0.0,0.0,0.0,0.0,1,0
Morgan Stanley (MSCO),,0.0,0.0,0.0,0.0,1,0
UBS,,0.0,0.0,0.0,0.0,3,0
Pershing,,0.0,0.0,0.0,0.0,1,1
International Securities Exchange,ISEG,0.0,0.0,0.0,0.0,1,0
NASDAQ Execution Services LLC,NQBX,0.0,0.0,0.0,0.0,1,0
"Virtu Financial, Inc.",,0.0,0.0,0.0,0.0,1,0
Tower Research Capital Trcx,,0.0,0.0,0.0,0.0,1,0
GSAT,GSAT,0.0,0.0,0.0,0.0,1,0
NYP1,NYP1,0.0,0.0,0.0,0.0,1,0
Interactive Brokers LLC,,0.0,0.0,0.0,0.0,2,0
Wells Fargo Securities,,0.0,0.0,0.0,0.0,1,0
"Wells Fargo Clearing Services, LLC",,0.0,0.0,0.0,0.0,1,0
MCAP LLC,,0.0,0.0,0.0,0.0,1,0
C2 (C20X),C20X,0.0,0.0,0.0,0.0,1,0
RBC Capital Markets Corp (RBCD),,0.0,0.0,0.0,0.0,1,0
"Clearpool Execution Services, LLC (CPEX)",,0.0,0.0,0.0,0.0,1,0
"R. F. Lafferty & Co., Inc. (LAFC)",,0.0,0.0,0.0,0.0,1,0
Prebon Financial Products Inc.,,0.0,0.0,0.0,0.0,1,0
nan,,0.0,0.0,0.0,0.0,1,0
OMCASY,,0.0,0.0,0.0,0.0,1,0
"TJM Investments, LLC",TJMI,0.0,0.0,0.0,0.0,2,0
OTHE,OTHE,0.0,0.0,0.0,0.0,1,0
Pershing LLC,PERT,0.0,0.0,0.0,0.0,1,0
INFX:FOXRIVER,,0.0,0.0,0.0,0.0,1,0
CAPSTONE INVESTMENTS,,0.0,0.0,0.0,0.0,1,0
CSOT,,0.0,0.0,0.0,0.0,1,0
"C. L. KING + ASSOCIATES, INC.",,0.0,0.0,0.0,0.0,1,0
Old Mission Markets LLC,,0.0,0.0,0.0,0.0,1,0
MATRIXOPT-MULT,,0.0,0.0,0.0,0.0,1,0
MATRIXOPT,,0.0,0.0,0.0,0.0,1,0
"SageTrader, LLC",,0.0,0.0,0.0,0.0,1,0
ROCKEFELLER FINANCIAL LLC,ROCK,0.0,0.0,0.0,0.0,1,0
MCAP,MCAP,0.0,0.0,0.0,0.0,4,0
"WATERS, PARKERSON & CO., INC.",,0.0,0.0,0.0,0.0,1,0
DASH OPTIONS - CBOEEH,,0.0,0.0,0.0,0.0,1,0
"VIRTU Americas, LLC",VRTU,0.0,0.0,0.0,0.0,1,0
DOT,,0.0,0.0,0.0,0.0,1,0
"LAKESHORE SECURITIES, L.P.",,0.0,0.0,0.0,0.0,1,0
Hamilton Executions LLC,,0.0,0.0,0.0,0.0,1,0
X-Change Financial Access LLC,,0.0,0.0,0.0,0.0,1,0
TRFX,,0.0,0.0,0.0,0.0,1,0
GEB,,0.0,0.0,0.0,0.0,1,0
Flow Traders,FLWU,0.0,0.0,0.0,0.0,1,0
Buckman Buckman & Reid INC,BBAR,0.0,0.0,0.0,0.0,1,1
"KEPLER CAPITAL MARKETS, INC.",CRAG,0.0,0.0,0.0,0.0,1,0
NEWEDGE SECURITIES INC,MACC,0.0,0.0,0.0,0.0,1,0
SANTANDER SECURITIES,SSNE,0.0,0.0,0.0,0.0,1,0
CODA,CODA,0.0,0.0,0.0,0.0,2,0
Valic Financial Advisor Inc,AGFA,0.0,0.0,0.0,0.0,1,0
"TJM INVESTMENTS, LLC",,0.0,0.0,0.0,0.0,1,0
Citadel Securities LLC,OPCT,0.0,0.0,0.0,0.0,1,0
Goldman Sachs & Co. LLC,,0.0,0.0,0.0,0.0,1,0
"Global Trading Systems, LLC",,0.0,0.0,0.0,0.0,1,0
FTSR,,0.0,0.0,0.0,0.0,1,0
INTL FC Stone Financial Inc.,,0.0,0.0,0.0,0.0,3,0
"Matrix Capital Group, Inc.",,0.0,0.0,0.0,0.0,4,0
First Clearing,,0.0,0.0,0.0,0.0,1,1
Unknown,SMRI,0.0,0.0,0.0,0.0,1,0
"JP Morgan Securities, LLC",,0.0,0.0,0.0,0.0,1,0
"MATRIX EXECUTIONS, LLC",MTRX,0.0,0.0,0.0,0.0,1,0
"Instinet, CBX",,0.0,0.0,0.0,0.0,1,0
A.G.P. / ALLIANCE GLOBAL PARTN,ALNC,0.0,0.0,0.0,0.0,1,0
ARCO,,0.0,0.0,0.0,0.0,1,0
BATO,,0.0,0.0,0.0,0.0,1,0
XNDQ,,0.0,0.0,0.0,0.0,1,0
SPHR,,0.0,0.0,0.0,0.0,1,0
MPRL,,0.0,0.0,0.0,0.0,1,0
XBXO,,0.0,0.0,0.0,0.0,1,0
Virtu VEQ,,-0.08,0.0,-0.08,-0.0,3,0
XISX,,0.0,-0.98,-0.98,-0.0,1,0
"Paulson Investment Company, In",PAUL,-1.0,0.0,-1.0,-0.0,1,1
XBOX,,0.0,-1.7,-1.7,-0.0,1,0
EDGO,,0.0,-4.41,-4.41,-0.0,1,0
"Clear Street, LLC",,0.0,-5.0,-5.0,-0.0,2,0
"Clearpool Execution Services, LLC",,-6.7,0.0,-6.7,-0.0,3,0
Imperative X,,-13.05,0.0,-13.05,-0.0,1,0
24X National Exchange LLC,24EQ,-18.0,0.0,-18.0,-0.0,1,0
GMNI,,0.0,-25.52,-25.52,-0.0,1,0
Cantor Fitzgerald and Co.,CSTI,-28.32,0.0,-28.32,-0.0,1,0
TRADITION SECURITIES AND DERIVATIVES INC.,,0.0,-34.25,-34.25,-0.0,1,0
XCBO,,0.0,-43.07,-43.07,-0.0,1,0
Lakeshore,,0.0,-46.44,-46.44,-0.0,1,0
XMIO,,0.0,-53.0,-53.0,-0.0,1,0
Casey Securities LLC,,0.0,-100.94,-100.94,-0.0,1,0
DASH FINANCIAL LLC,,0.0,-145.86,-145.86,-0.0,1,0
Jane Street Execution Services Llc,,-190.96,0.0,-190.96,-0.0,1,0
CANACCORD GENUITY INC.,ADAM,-241.75,0.0,-241.75,-0.0,1,0
XFAS,,0.0,-306.28,-306.28,-0.0,1,0
CTDO,CTDO,0.0,-309.6,-309.6,-0.0,1,0
"MIAX PEARL, LLC",EPRL,0.0,-338.32,-338.32,-0.0,5,0
Cboe BZX,,0.0,-341.59,-341.59,-0.0,1,0
NEXUS,,0.0,-427.4,-427.4,-0.0,1,0
"Comhar Capital Markets, LLC - Us Equities",,-558.94,0.0,-558.94,-0.0,1,0
New York Stock Exchange LLC,,-591.24,0.0,-591.24,-0.0,2,0
"Goldman, Sachs & Co. LLC",GSCO,-650.0,0.0,-650.0,-0.0,51,0
LeveL ATS,EBXL,-677.54,0.0,-677.54,-0.0,3,0
OTCM,,-785.58,0.0,-785.58,-0.0,1,0
NASDAQ OMX PSX,XPSX,-830.19,0.0,-830.19,-0.0,2,0
CBOE GLOBAL MARKETS INC.,CBOE,0.0,-1128.14,-1128.14,-0.0,8,0
CASY,,0.0,-1190.52,-1190.52,-0.0,2,0
PERX,,-1207.07,0.0,-1207.07,-0.0,3,1
ISE Mercury,,0.0,-1249.84,-1249.84,-0.0,1,0
"D & D Securities, Inc.",,0.0,-1307.6,-1307.6,-0.0,2,0
UBS ATS,UBSA,-1543.69,0.0,-1543.69,-0.0,5,0
ICAP,,0.0,-1597.2,-1597.2,-0.0,1,0
DASH OPTIONS - PHLX,,0.0,-1651.18,-1651.18,-0.0,1,0
GTS,GTSS,-1674.3,0.0,-1674.3,-0.0,1,0
HRT EXECUTION SERVICES LLC,HRTX,-1858.98,0.0,-1858.98,-0.0,1,0
Jane Street Midpoint,JSES,-1886.09,0.0,-1886.09,-0.0,3,0
"Miami International Securities Exchange, LLC",,0.0,-2247.62,-2247.62,-0.0,13,0
NYSE Arca,,399.01,-2669.6,-2270.59,-0.0,1,0
BOX,,0.0,-2303.85,-2303.85,-0.0,1,0
"MIAX PEARL, LLC",,0.0,-2362.36,-2362.36,-0.0,1,0
DASH OPTIONS - EMLD,,0.0,-2425.41,-2425.41,-0.0,1,0
DASH OPTIONS - NOM,,0.0,-2438.86,-2438.86,-0.0,1,0
"Nasdaq MRX, LLC",,0.0,-2549.19,-2549.19,-0.0,3,0
Hamilton,,0.0,-3369.43,-3369.43,-0.0,1,0
VIRTU AMERICAS LLC,NITE,-3641.58,0.0,-3641.58,-0.0,114,1
EDGX,,0.0,-3775.53,-3775.53,-0.0,1,0
DASH EQUITIES (DASH),,-4741.49,0.0,-4741.49,-0.0,1,0
NYSE Arca,ARCA,-4874.97,-1436.46,-6311.44,-0.0,19,0
NASDAQ PHLX,,0.0,-7451.94,-7451.94,-0.0,2,0
"Nasdaq BX, Inc.",,0.0,-7995.08,-7995.08,-0.0,3,0
DASH OPTIONS - C2,,0.0,-8040.62,-8040.62,-0.0,1,0
DASH OPTIONS - MIAX,,0.0,-8343.49,-8343.49,-0.0,1,0
"Bofa Securities, Inc.",MLCO,0.0,-8780.97,-8780.97,-0.0,2,0
DASH OPTIONS - MPRL,,0.0,-9055.58,-9055.58,-0.0,1,0
"Cboe EDGA Exchange, Inc.",,-9213.31,0.0,-9213.31,-0.0,2,0
DASH OPTIONS - BX,,0.0,-10106.28,-10106.28,-0.0,1,0
INTELLIGENTCROSS,INCR,-10564.29,-0.15,-10564.44,-0.0,3,0
Goldman Sachs & Co. LLC SIGMA X2,,-12252.57,0.0,-12252.57,-0.0,2,0
Boston Options Exchange,,0.0,-13045.98,-13045.98,-0.0,3,0
J.P. Morgan Securities LLC,,-13313.67,0.0,-13313.67,-0.0,2,0
DND,,0.0,-13621.77,-13621.77,-0.0,1,0
New York Stock Exchange,NYSE,-13852.69,0.0,-13852.69,-0.0,40,0
Fidelity Crossstream ATS,,-14037.38,0.0,-14037.38,-0.0,1,0
LAMPOST CAPITAL (LAMP),,0.0,-15766.91,-15766.91,-0.0,1,1
CBOE STOCK EXCHANGE,CBSX,0.0,-15832.28,-15832.28,-0.0,1,0
DASH OPTIONS - BATS,,0.0,-16271.63,-16271.63,-0.0,1,0
Intelligentcross,,-16566.63,0.0,-16566.63,-0.0,5,0
DASH OPTIONS - MCRY,,0.0,-16690.96,-16690.96,-0.0,1,0
DASH OPTIONS - SPHR,,0.0,-16900.97,-16900.97,-0.0,1,0
RSKY,RSKY,0.0,-17867.44,-17867.44,-0.0,4,0
OneChronos Markets LLC,,-18000.94,0.0,-18000.94,-0.0,1,0
DASH OPTIONS - CBOE,,0.0,-19088.8,-19088.8,-0.0,1,0
INSTINET,,0.0,-21232.09,-21232.09,-0.0,1,0
"MIAX Emerald, LLC",,0.0,-21627.99,-21627.99,-0.0,7,0
INSTINET (INCA),,-22419.74,0.0,-22419.74,-0.0,1,0
NYSE MKT LLC,XASE,-24424.0,0.0,-24424.0,-0.0,6,0
DASH OPTIONS - AMEX,,0.0,-25310.09,-25310.09,-0.0,1,0
DASH OPTIONS - MEMX,,0.0,-26595.28,-26595.28,-0.0,1,0
"NYSE American, LLC",AMXO,0.0,-27628.57,-27628.57,-0.0,16,0
VELOCITY CLEARING (VTRD),,-27773.52,0.0,-27773.52,-0.0,1,0
DASH OPTIONS - BOX,,0.0,-28047.76,-28047.76,-0.0,1,0
NASDAQ Stock Market,NSDQ,-33240.0,0.0,-33240.0,-0.0,45,1
MIO,,0.0,-33243.94,-33243.94,-0.0,2,0
"Instinet, LLC",,-2313.64,-30981.5,-33295.14,-0.0,9,0
BOATS,,-34223.34,0.0,-34223.34,-0.0,1,0
"Morgan Stanley & Co., LLC",,-35545.4,0.0,-35545.4,-0.0,2,0
NYSE American LLC,,0.0,-38237.83,-38237.83,-0.01,9,0
Nasdaq PHLX LLC,,0.0,-40629.13,-40629.13,-0.01,16,0
DASH OPTIONS - ISE,,0.0,-44102.83,-44102.83,-0.01,1,0
Barclays ATS,,-50912.19,0.0,-50912.19,-0.01,2,0
DASH OPTIONS - EDGX,,0.0,-75758.63,-75758.63,-0.01,1,0
SAGE TRADING (SAGE),,-81568.12,0.0,-81568.12,-0.01,1,0
MIAX,,0.0,-83044.23,-83044.23,-0.01,4,0
Cboe EDGX,,0.0,-95990.21,-95990.21,-0.01,1,0
"UBS Securities, LLC ATS",,-102854.69,0.0,-102854.69,-0.01,3,0
G-SIGOPTBN2,,0.0,-140370.75,-140370.75,-0.02,1,0
PSE,,0.0,-142909.55,-142909.55,-0.02,2,0
The NASDAQ Options Market LLC,,0.0,-147307.73,-147307.73,-0.02,7,0
DASH OPTIONS - GMNI,,0.0,-160956.64,-160956.64,-0.02,1,0
DASH OPTIONS - ARCA,,0.0,-201664.47,-201664.47,-0.03,1,0
"Cboe C2 Exchange, Inc.",,0.0,-207009.82,-207009.82,-0.03,8,0
"Blue Ocean Technologies, LLC",,-229029.31,0.0,-229029.31,-0.03,3,0
"Level Markets, LLC",,-266322.26,0.0,-266322.26,-0.04,2,0
"Nasdaq ISE, LLC",,0.0,-280104.36,-280104.36,-0.04,16,0
"Cboe Exchange, Inc.",,0.0,-299856.16,-299856.16,-0.04,18,0
CODA MARKETS (CODA),,-324440.07,0.0,-324440.07,-0.04,2,0
"Blue Ocean ATS, LLC",OCEA,-384097.0,0.0,-384097.0,-0.05,1,0
Bank Of America - Merrill Lynch Instinct X Ats,,0.0,-387627.26,-387627.26,-0.05,1,0
"Nasdaq PHLX, LLC",XPHO,0.0,-418026.35,-418026.35,-0.06,16,0
"BofA Securities, Inc.",,-508623.23,0.0,-508623.23,-0.07,3,0
MIAX Emerald,EMLD,0.0,-607903.67,-607903.67,-0.08,20,0
Investors Exchange (IEXG),,-621542.28,0.0,-621542.28,-0.09,3,0
"Cboe BZX Exchange, Inc.",,-696029.52,-12870.08,-708899.6,-0.1,10,0
"Cboe EDGX Exchange, Inc.",,-789535.3,23020.93,-766514.37,-0.11,25,0
"NEW YORK STOCK EXCHANGE, INC.",,-832424.65,0.0,-832424.65,-0.12,3,0
"NYSE Arca, Inc.",,-923056.39,0.0,-923056.39,-0.13,13,0
The Nasdaq Stock Market LLC,,-1330320.11,0.0,-1330320.11,-0.18,6,0
MEMX Options Exchange,MXOP,0.0,-2273751.95,-2273751.95,-0.31,14,0
"Cboe C2 Exchange, Inc.",C2OX,0.0,-4404189.83,-4404189.83,-0.61,22,0
